delta,trial,S_count,I_count,R_count,S_proportion,I_proportion,R_proportion
0.0,0,40,0,0,1.0,0.0,0.0
0.0,1,40,0,0,1.0,0.0,0.0
0.0,2,24,15,1,0.6,0.375,0.025
0.0,3,40,0,0,1.0,0.0,0.0
0.0,4,8,27,5,0.2,0.675,0.125
0.0,5,40,0,0,1.0,0.0,0.0
0.0,6,40,0,0,1.0,0.0,0.0
0.0,7,13,25,2,0.325,0.625,0.05
0.0,8,16,22,2,0.4,0.55,0.05
0.0,9,30,9,1,0.75,0.225,0.025
0.0,10,21,17,2,0.525,0.425,0.05
0.0,11,14,23,3,0.35,0.575,0.075
0.0,12,14,22,4,0.35,0.55,0.1
0.0,13,40,0,0,1.0,0.0,0.0
0.0,14,16,23,1,0.4,0.575,0.025
0.0,15,16,18,6,0.4,0.45,0.15
0.0,16,22,15,3,0.55,0.375,0.075
0.0,17,24,14,2,0.6,0.35,0.05
0.0,18,40,0,0,1.0,0.0,0.0
0.0,19,40,0,0,1.0,0.0,0.0
0.0,20,23,14,3,0.575,0.35,0.075
0.0,21,17,21,2,0.425,0.525,0.05
0.0,22,15,23,2,0.375,0.575,0.05
0.0,23,22,15,3,0.55,0.375,0.075
0.0,24,8,30,2,0.2,0.75,0.05
0.0,25,15,22,3,0.375,0.55,0.075
0.0,26,40,0,0,1.0,0.0,0.0
0.0,27,40,0,0,1.0,0.0,0.0
0.0,28,23,17,0,0.575,0.425,0.0
0.0,29,40,0,0,1.0,0.0,0.0
0.0,30,6,29,5,0.15,0.725,0.125
0.0,31,16,23,1,0.4,0.575,0.025
0.0,32,28,10,2,0.7,0.25,0.05
0.0,33,20,19,1,0.5,0.475,0.025
0.0,34,18,21,1,0.45,0.525,0.025
0.0,35,19,19,2,0.475,0.475,0.05
0.0,36,18,21,1,0.45,0.525,0.025
0.0,37,19,20,1,0.475,0.5,0.025
0.0,38,17,20,3,0.425,0.5,0.075
0.0,39,11,27,2,0.275,0.675,0.05
0.0,40,6,31,3,0.15,0.775,0.075
0.0,41,24,14,2,0.6,0.35,0.05
0.0,42,13,26,1,0.325,0.65,0.025
0.0,43,14,22,4,0.35,0.55,0.1
0.0,44,24,14,2,0.6,0.35,0.05
0.0,45,9,24,7,0.225,0.6,0.175
0.0,46,23,17,0,0.575,0.425,0.0
0.0,47,16,19,5,0.4,0.475,0.125
0.0,48,18,18,4,0.45,0.45,0.1
0.0,49,15,22,3,0.375,0.55,0.075
0.0,50,15,20,5,0.375,0.5,0.125
0.0,51,24,14,2,0.6,0.35,0.05
0.0,52,17,18,5,0.425,0.45,0.125
0.0,53,23,17,0,0.575,0.425,0.0
0.0,54,29,10,1,0.725,0.25,0.025
0.0,55,40,0,0,1.0,0.0,0.0
0.0,56,9,29,2,0.225,0.725,0.05
0.0,57,11,24,5,0.275,0.6,0.125
0.0,58,40,0,0,1.0,0.0,0.0
0.0,59,23,17,0,0.575,0.425,0.0
0.0,60,12,25,3,0.3,0.625,0.075
0.0,61,15,23,2,0.375,0.575,0.05
0.0,62,40,0,0,1.0,0.0,0.0
0.0,63,17,20,3,0.425,0.5,0.075
0.0,64,26,14,0,0.65,0.35,0.0
0.0,65,40,0,0,1.0,0.0,0.0
0.0,66,31,8,1,0.775,0.2,0.025
0.0,67,8,27,5,0.2,0.675,0.125
0.0,68,40,0,0,1.0,0.0,0.0
0.0,69,40,0,0,1.0,0.0,0.0
0.0,70,40,0,0,1.0,0.0,0.0
0.0,71,23,17,0,0.575,0.425,0.0
0.0,72,10,25,5,0.25,0.625,0.125
0.0,73,40,0,0,1.0,0.0,0.0
0.0,74,26,14,0,0.65,0.35,0.0
0.0,75,12,27,1,0.3,0.675,0.025
0.0,76,10,28,2,0.25,0.7,0.05
0.0,77,16,22,2,0.4,0.55,0.05
0.0,78,6,27,7,0.15,0.675,0.175
0.0,79,10,28,2,0.25,0.7,0.05
0.0,80,40,0,0,1.0,0.0,0.0
0.0,81,40,0,0,1.0,0.0,0.0
0.0,82,26,11,3,0.65,0.275,0.075
0.0,83,23,16,1,0.575,0.4,0.025
0.0,84,13,25,2,0.325,0.625,0.05
0.0,85,15,22,3,0.375,0.55,0.075
0.0,86,24,15,1,0.6,0.375,0.025
0.0,87,18,19,3,0.45,0.475,0.075
0.0,88,17,22,1,0.425,0.55,0.025
0.0,89,17,21,2,0.425,0.525,0.05
0.0,90,40,0,0,1.0,0.0,0.0
0.0,91,22,16,2,0.55,0.4,0.05
0.0,92,16,22,2,0.4,0.55,0.05
0.0,93,40,0,0,1.0,0.0,0.0
0.0,94,16,22,2,0.4,0.55,0.05
0.0,95,17,20,3,0.425,0.5,0.075
0.0,96,40,0,0,1.0,0.0,0.0
0.0,97,16,24,0,0.4,0.6,0.0
0.0,98,40,0,0,1.0,0.0,0.0
0.0,99,40,0,0,1.0,0.0,0.0
0.5,0,24,16,0,0.6,0.4,0.0
0.5,1,23,14,3,0.575,0.35,0.075
0.5,2,40,0,0,1.0,0.0,0.0
0.5,3,22,16,2,0.55,0.4,0.05
0.5,4,11,26,3,0.275,0.65,0.075
0.5,5,14,21,5,0.35,0.525,0.125
0.5,6,40,0,0,1.0,0.0,0.0
0.5,7,40,0,0,1.0,0.0,0.0
0.5,8,16,21,3,0.4,0.525,0.075
0.5,9,7,31,2,0.175,0.775,0.05
0.5,10,40,0,0,1.0,0.0,0.0
0.5,11,21,18,1,0.525,0.45,0.025
0.5,12,28,12,0,0.7,0.3,0.0
0.5,13,40,0,0,1.0,0.0,0.0
0.5,14,17,21,2,0.425,0.525,0.05
0.5,15,40,0,0,1.0,0.0,0.0
0.5,16,17,23,0,0.425,0.575,0.0
0.5,17,40,0,0,1.0,0.0,0.0
0.5,18,13,24,3,0.325,0.6,0.075
0.5,19,22,18,0,0.55,0.45,0.0
0.5,20,4,30,6,0.1,0.75,0.15
0.5,21,40,0,0,1.0,0.0,0.0
0.5,22,15,20,5,0.375,0.5,0.125
0.5,23,22,16,2,0.55,0.4,0.05
0.5,24,40,0,0,1.0,0.0,0.0
0.5,25,25,15,0,0.625,0.375,0.0
0.5,26,40,0,0,1.0,0.0,0.0
0.5,27,20,18,2,0.5,0.45,0.05
0.5,28,18,20,2,0.45,0.5,0.05
0.5,29,20,18,2,0.5,0.45,0.05
0.5,30,19,18,3,0.475,0.45,0.075
0.5,31,9,29,2,0.225,0.725,0.05
0.5,32,13,24,3,0.325,0.6,0.075
0.5,33,27,11,2,0.675,0.275,0.05
0.5,34,23,15,2,0.575,0.375,0.05
0.5,35,22,15,3,0.55,0.375,0.075
0.5,36,22,16,2,0.55,0.4,0.05
0.5,37,40,0,0,1.0,0.0,0.0
0.5,38,17,20,3,0.425,0.5,0.075
0.5,39,40,0,0,1.0,0.0,0.0
0.5,40,21,18,1,0.525,0.45,0.025
0.5,41,19,21,0,0.475,0.525,0.0
0.5,42,17,23,0,0.425,0.575,0.0
0.5,43,13,23,4,0.325,0.575,0.1
0.5,44,21,17,2,0.525,0.425,0.05
0.5,45,40,0,0,1.0,0.0,0.0
0.5,46,12,25,3,0.3,0.625,0.075
0.5,47,10,25,5,0.25,0.625,0.125
0.5,48,40,0,0,1.0,0.0,0.0
0.5,49,10,26,4,0.25,0.65,0.1
0.5,50,40,0,0,1.0,0.0,0.0
0.5,51,18,19,3,0.45,0.475,0.075
0.5,52,40,0,0,1.0,0.0,0.0
0.5,53,25,14,1,0.625,0.35,0.025
0.5,54,19,19,2,0.475,0.475,0.05
0.5,55,31,8,1,0.775,0.2,0.025
0.5,56,40,0,0,1.0,0.0,0.0
0.5,57,40,0,0,1.0,0.0,0.0
0.5,58,40,0,0,1.0,0.0,0.0
0.5,59,18,22,0,0.45,0.55,0.0
0.5,60,17,19,4,0.425,0.475,0.1
0.5,61,9,28,3,0.225,0.7,0.075
0.5,62,16,21,3,0.4,0.525,0.075
0.5,63,16,18,6,0.4,0.45,0.15
0.5,64,17,20,3,0.425,0.5,0.075
0.5,65,40,0,0,1.0,0.0,0.0
0.5,66,24,15,1,0.6,0.375,0.025
0.5,67,29,9,2,0.725,0.225,0.05
0.5,68,40,0,0,1.0,0.0,0.0
0.5,69,40,0,0,1.0,0.0,0.0
0.5,70,29,10,1,0.725,0.25,0.025
0.5,71,18,21,1,0.45,0.525,0.025
0.5,72,28,12,0,0.7,0.3,0.0
0.5,73,17,19,4,0.425,0.475,0.1
0.5,74,14,21,5,0.35,0.525,0.125
0.5,75,24,14,2,0.6,0.35,0.05
0.5,76,29,8,3,0.725,0.2,0.075
0.5,77,17,20,3,0.425,0.5,0.075
0.5,78,24,14,2,0.6,0.35,0.05
0.5,79,7,29,4,0.175,0.725,0.1
0.5,80,40,0,0,1.0,0.0,0.0
0.5,81,17,21,2,0.425,0.525,0.05
0.5,82,23,15,2,0.575,0.375,0.05
0.5,83,11,25,4,0.275,0.625,0.1
0.5,84,25,13,2,0.625,0.325,0.05
0.5,85,20,19,1,0.5,0.475,0.025
0.5,86,40,0,0,1.0,0.0,0.0
0.5,87,25,14,1,0.625,0.35,0.025
0.5,88,15,21,4,0.375,0.525,0.1
0.5,89,27,9,4,0.675,0.225,0.1
0.5,90,11,27,2,0.275,0.675,0.05
0.5,91,40,0,0,1.0,0.0,0.0
0.5,92,26,13,1,0.65,0.325,0.025
0.5,93,19,20,1,0.475,0.5,0.025
0.5,94,13,24,3,0.325,0.6,0.075
0.5,95,40,0,0,1.0,0.0,0.0
0.5,96,13,24,3,0.325,0.6,0.075
0.5,97,18,20,2,0.45,0.5,0.05
0.5,98,24,15,1,0.6,0.375,0.025
0.5,99,24,15,1,0.6,0.375,0.025
1.0,0,19,21,0,0.475,0.525,0.0
1.0,1,40,0,0,1.0,0.0,0.0
1.0,2,7,32,1,0.175,0.8,0.025
1.0,3,40,0,0,1.0,0.0,0.0
1.0,4,11,26,3,0.275,0.65,0.075
1.0,5,21,17,2,0.525,0.425,0.05
1.0,6,20,19,1,0.5,0.475,0.025
1.0,7,16,22,2,0.4,0.55,0.05
1.0,8,40,0,0,1.0,0.0,0.0
1.0,9,8,30,2,0.2,0.75,0.05
1.0,10,40,0,0,1.0,0.0,0.0
1.0,11,27,13,0,0.675,0.325,0.0
1.0,12,21,17,2,0.525,0.425,0.05
1.0,13,22,14,4,0.55,0.35,0.1
1.0,14,40,0,0,1.0,0.0,0.0
1.0,15,13,23,4,0.325,0.575,0.1
1.0,16,21,17,2,0.525,0.425,0.05
1.0,17,16,20,4,0.4,0.5,0.1
1.0,18,25,13,2,0.625,0.325,0.05
1.0,19,15,21,4,0.375,0.525,0.1
1.0,20,22,18,0,0.55,0.45,0.0
1.0,21,9,28,3,0.225,0.7,0.075
1.0,22,17,20,3,0.425,0.5,0.075
1.0,23,40,0,0,1.0,0.0,0.0
1.0,24,9,28,3,0.225,0.7,0.075
1.0,25,13,25,2,0.325,0.625,0.05
1.0,26,40,0,0,1.0,0.0,0.0
1.0,27,9,26,5,0.225,0.65,0.125
1.0,28,16,24,0,0.4,0.6,0.0
1.0,29,10,29,1,0.25,0.725,0.025
1.0,30,24,15,1,0.6,0.375,0.025
1.0,31,40,0,0,1.0,0.0,0.0
1.0,32,15,21,4,0.375,0.525,0.1
1.0,33,9,29,2,0.225,0.725,0.05
1.0,34,16,21,3,0.4,0.525,0.075
1.0,35,30,7,3,0.75,0.175,0.075
1.0,36,40,0,0,1.0,0.0,0.0
1.0,37,40,0,0,1.0,0.0,0.0
1.0,38,14,25,1,0.35,0.625,0.025
1.0,39,19,20,1,0.475,0.5,0.025
1.0,40,22,17,1,0.55,0.425,0.025
1.0,41,40,0,0,1.0,0.0,0.0
1.0,42,21,16,3,0.525,0.4,0.075
1.0,43,10,26,4,0.25,0.65,0.1
1.0,44,40,0,0,1.0,0.0,0.0
1.0,45,18,19,3,0.45,0.475,0.075
1.0,46,40,0,0,1.0,0.0,0.0
1.0,47,12,25,3,0.3,0.625,0.075
1.0,48,40,0,0,1.0,0.0,0.0
1.0,49,40,0,0,1.0,0.0,0.0
1.0,50,40,0,0,1.0,0.0,0.0
1.0,51,15,20,5,0.375,0.5,0.125
1.0,52,21,16,3,0.525,0.4,0.075
1.0,53,15,20,5,0.375,0.5,0.125
1.0,54,14,25,1,0.35,0.625,0.025
1.0,55,17,18,5,0.425,0.45,0.125
1.0,56,13,24,3,0.325,0.6,0.075
1.0,57,17,21,2,0.425,0.525,0.05
1.0,58,18,19,3,0.45,0.475,0.075
1.0,59,24,14,2,0.6,0.35,0.05
1.0,60,15,24,1,0.375,0.6,0.025
1.0,61,26,14,0,0.65,0.35,0.0
1.0,62,10,28,2,0.25,0.7,0.05
1.0,63,40,0,0,1.0,0.0,0.0
1.0,64,21,17,2,0.525,0.425,0.05
1.0,65,29,9,2,0.725,0.225,0.05
1.0,66,13,26,1,0.325,0.65,0.025
1.0,67,11,21,8,0.275,0.525,0.2
1.0,68,40,0,0,1.0,0.0,0.0
1.0,69,40,0,0,1.0,0.0,0.0
1.0,70,23,17,0,0.575,0.425,0.0
1.0,71,17,18,5,0.425,0.45,0.125
1.0,72,18,19,3,0.45,0.475,0.075
1.0,73,40,0,0,1.0,0.0,0.0
1.0,74,19,19,2,0.475,0.475,0.05
1.0,75,9,29,2,0.225,0.725,0.05
1.0,76,16,20,4,0.4,0.5,0.1
1.0,77,28,11,1,0.7,0.275,0.025
1.0,78,17,18,5,0.425,0.45,0.125
1.0,79,11,24,5,0.275,0.6,0.125
1.0,80,40,0,0,1.0,0.0,0.0
1.0,81,40,0,0,1.0,0.0,0.0
1.0,82,20,17,3,0.5,0.425,0.075
1.0,83,21,18,1,0.525,0.45,0.025
1.0,84,9,24,7,0.225,0.6,0.175
1.0,85,40,0,0,1.0,0.0,0.0
1.0,86,21,17,2,0.525,0.425,0.05
1.0,87,13,23,4,0.325,0.575,0.1
1.0,88,40,0,0,1.0,0.0,0.0
1.0,89,14,22,4,0.35,0.55,0.1
1.0,90,40,0,0,1.0,0.0,0.0
1.0,91,14,24,2,0.35,0.6,0.05
1.0,92,20,19,1,0.5,0.475,0.025
1.0,93,12,26,2,0.3,0.65,0.05
1.0,94,15,24,1,0.375,0.6,0.025
1.0,95,15,24,1,0.375,0.6,0.025
1.0,96,12,25,3,0.3,0.625,0.075
1.0,97,10,29,1,0.25,0.725,0.025
1.0,98,40,0,0,1.0,0.0,0.0
1.0,99,40,0,0,1.0,0.0,0.0
1.5,0,24,14,2,0.6,0.35,0.05
1.5,1,18,16,6,0.45,0.4,0.15
1.5,2,22,14,4,0.55,0.35,0.1
1.5,3,18,17,5,0.45,0.425,0.125
1.5,4,18,20,2,0.45,0.5,0.05
1.5,5,11,22,7,0.275,0.55,0.175
1.5,6,26,13,1,0.65,0.325,0.025
1.5,7,40,0,0,1.0,0.0,0.0
1.5,8,15,19,6,0.375,0.475,0.15
1.5,9,15,22,3,0.375,0.55,0.075
1.5,10,27,11,2,0.675,0.275,0.05
1.5,11,24,14,2,0.6,0.35,0.05
1.5,12,40,0,0,1.0,0.0,0.0
1.5,13,15,19,6,0.375,0.475,0.15
1.5,14,40,0,0,1.0,0.0,0.0
1.5,15,9,24,7,0.225,0.6,0.175
1.5,16,40,0,0,1.0,0.0,0.0
1.5,17,10,23,7,0.25,0.575,0.175
1.5,18,29,8,3,0.725,0.2,0.075
1.5,19,23,13,4,0.575,0.325,0.1
1.5,20,10,24,6,0.25,0.6,0.15
1.5,21,24,16,0,0.6,0.4,0.0
1.5,22,23,15,2,0.575,0.375,0.05
1.5,23,18,16,6,0.45,0.4,0.15
1.5,24,10,23,7,0.25,0.575,0.175
1.5,25,13,21,6,0.325,0.525,0.15
1.5,26,40,0,0,1.0,0.0,0.0
1.5,27,40,0,0,1.0,0.0,0.0
1.5,28,40,0,0,1.0,0.0,0.0
1.5,29,12,23,5,0.3,0.575,0.125
1.5,30,40,0,0,1.0,0.0,0.0
1.5,31,14,21,5,0.35,0.525,0.125
1.5,32,40,0,0,1.0,0.0,0.0
1.5,33,17,19,4,0.425,0.475,0.1
1.5,34,40,0,0,1.0,0.0,0.0
1.5,35,20,17,3,0.5,0.425,0.075
1.5,36,40,0,0,1.0,0.0,0.0
1.5,37,40,0,0,1.0,0.0,0.0
1.5,38,10,25,5,0.25,0.625,0.125
1.5,39,14,21,5,0.35,0.525,0.125
1.5,40,17,18,5,0.425,0.45,0.125
1.5,41,10,26,4,0.25,0.65,0.1
1.5,42,8,26,6,0.2,0.65,0.15
1.5,43,16,16,8,0.4,0.4,0.2
1.5,44,14,21,5,0.35,0.525,0.125
1.5,45,14,20,6,0.35,0.5,0.15
1.5,46,17,18,5,0.425,0.45,0.125
1.5,47,23,14,3,0.575,0.35,0.075
1.5,48,18,21,1,0.45,0.525,0.025
1.5,49,24,12,4,0.6,0.3,0.1
1.5,50,19,17,4,0.475,0.425,0.1
1.5,51,24,13,3,0.6,0.325,0.075
1.5,52,40,0,0,1.0,0.0,0.0
1.5,53,22,17,1,0.55,0.425,0.025
1.5,54,18,16,6,0.45,0.4,0.15
1.5,55,19,20,1,0.475,0.5,0.025
1.5,56,40,0,0,1.0,0.0,0.0
1.5,57,22,16,2,0.55,0.4,0.05
1.5,58,28,10,2,0.7,0.25,0.05
1.5,59,31,7,2,0.775,0.175,0.05
1.5,60,40,0,0,1.0,0.0,0.0
1.5,61,12,22,6,0.3,0.55,0.15
1.5,62,26,10,4,0.65,0.25,0.1
1.5,63,11,25,4,0.275,0.625,0.1
1.5,64,31,7,2,0.775,0.175,0.05
1.5,65,40,0,0,1.0,0.0,0.0
1.5,66,40,0,0,1.0,0.0,0.0
1.5,67,25,12,3,0.625,0.3,0.075
1.5,68,32,7,1,0.8,0.175,0.025
1.5,69,40,0,0,1.0,0.0,0.0
1.5,70,16,17,7,0.4,0.425,0.175
1.5,71,19,18,3,0.475,0.45,0.075
1.5,72,27,11,2,0.675,0.275,0.05
1.5,73,15,19,6,0.375,0.475,0.15
1.5,74,40,0,0,1.0,0.0,0.0
1.5,75,18,17,5,0.45,0.425,0.125
1.5,76,14,19,7,0.35,0.475,0.175
1.5,77,24,11,5,0.6,0.275,0.125
1.5,78,19,15,6,0.475,0.375,0.15
1.5,79,19,15,6,0.475,0.375,0.15
1.5,80,20,19,1,0.5,0.475,0.025
1.5,81,27,9,4,0.675,0.225,0.1
1.5,82,19,18,3,0.475,0.45,0.075
1.5,83,40,0,0,1.0,0.0,0.0
1.5,84,21,17,2,0.525,0.425,0.05
1.5,85,40,0,0,1.0,0.0,0.0
1.5,86,23,13,4,0.575,0.325,0.1
1.5,87,20,16,4,0.5,0.4,0.1
1.5,88,20,18,2,0.5,0.45,0.05
1.5,89,13,24,3,0.325,0.6,0.075
1.5,90,27,9,4,0.675,0.225,0.1
1.5,91,17,18,5,0.425,0.45,0.125
1.5,92,14,21,5,0.35,0.525,0.125
1.5,93,22,15,3,0.55,0.375,0.075
1.5,94,17,17,6,0.425,0.425,0.15
1.5,95,40,0,0,1.0,0.0,0.0
1.5,96,40,0,0,1.0,0.0,0.0
1.5,97,31,9,0,0.775,0.225,0.0
1.5,98,29,11,0,0.725,0.275,0.0
1.5,99,16,21,3,0.4,0.525,0.075
2.0,0,19,19,2,0.475,0.475,0.05
2.0,1,40,0,0,1.0,0.0,0.0
2.0,2,40,0,0,1.0,0.0,0.0
2.0,3,12,26,2,0.3,0.65,0.05
2.0,4,40,0,0,1.0,0.0,0.0
2.0,5,40,0,0,1.0,0.0,0.0
2.0,6,20,19,1,0.5,0.475,0.025
2.0,7,32,6,2,0.8,0.15,0.05
2.0,8,40,0,0,1.0,0.0,0.0
2.0,9,19,16,5,0.475,0.4,0.125
2.0,10,15,23,2,0.375,0.575,0.05
2.0,11,22,15,3,0.55,0.375,0.075
2.0,12,8,30,2,0.2,0.75,0.05
2.0,13,40,0,0,1.0,0.0,0.0
2.0,14,40,0,0,1.0,0.0,0.0
2.0,15,40,0,0,1.0,0.0,0.0
2.0,16,9,26,5,0.225,0.65,0.125
2.0,17,19,17,4,0.475,0.425,0.1
2.0,18,19,19,2,0.475,0.475,0.05
2.0,19,33,4,3,0.825,0.1,0.075
2.0,20,40,0,0,1.0,0.0,0.0
2.0,21,14,22,4,0.35,0.55,0.1
2.0,22,23,14,3,0.575,0.35,0.075
2.0,23,14,23,3,0.35,0.575,0.075
2.0,24,13,21,6,0.325,0.525,0.15
2.0,25,40,0,0,1.0,0.0,0.0
2.0,26,40,0,0,1.0,0.0,0.0
2.0,27,40,0,0,1.0,0.0,0.0
2.0,28,17,18,5,0.425,0.45,0.125
2.0,29,28,10,2,0.7,0.25,0.05
2.0,30,40,0,0,1.0,0.0,0.0
2.0,31,17,14,9,0.425,0.35,0.225
2.0,32,20,18,2,0.5,0.45,0.05
2.0,33,18,16,6,0.45,0.4,0.15
2.0,34,20,16,4,0.5,0.4,0.1
2.0,35,19,17,4,0.475,0.425,0.1
2.0,36,15,22,3,0.375,0.55,0.075
2.0,37,8,28,4,0.2,0.7,0.1
2.0,38,21,18,1,0.525,0.45,0.025
2.0,39,23,14,3,0.575,0.35,0.075
2.0,40,40,0,0,1.0,0.0,0.0
2.0,41,14,19,7,0.35,0.475,0.175
2.0,42,20,20,0,0.5,0.5,0.0
2.0,43,28,9,3,0.7,0.225,0.075
2.0,44,21,16,3,0.525,0.4,0.075
2.0,45,18,16,6,0.45,0.4,0.15
2.0,46,18,17,5,0.45,0.425,0.125
2.0,47,13,20,7,0.325,0.5,0.175
2.0,48,12,20,8,0.3,0.5,0.2
2.0,49,21,18,1,0.525,0.45,0.025
2.0,50,33,5,2,0.825,0.125,0.05
2.0,51,40,0,0,1.0,0.0,0.0
2.0,52,22,16,2,0.55,0.4,0.05
2.0,53,40,0,0,1.0,0.0,0.0
2.0,54,8,26,6,0.2,0.65,0.15
2.0,55,12,20,8,0.3,0.5,0.2
2.0,56,9,26,5,0.225,0.65,0.125
2.0,57,25,11,4,0.625,0.275,0.1
2.0,58,10,22,8,0.25,0.55,0.2
2.0,59,40,0,0,1.0,0.0,0.0
2.0,60,13,21,6,0.325,0.525,0.15
2.0,61,40,0,0,1.0,0.0,0.0
2.0,62,8,25,7,0.2,0.625,0.175
2.0,63,22,13,5,0.55,0.325,0.125
2.0,64,25,13,2,0.625,0.325,0.05
2.0,65,24,13,3,0.6,0.325,0.075
2.0,66,29,7,4,0.725,0.175,0.1
2.0,67,20,15,5,0.5,0.375,0.125
2.0,68,11,22,7,0.275,0.55,0.175
2.0,69,40,0,0,1.0,0.0,0.0
2.0,70,19,15,6,0.475,0.375,0.15
2.0,71,27,9,4,0.675,0.225,0.1
2.0,72,11,20,9,0.275,0.5,0.225
2.0,73,30,9,1,0.75,0.225,0.025
2.0,74,17,22,1,0.425,0.55,0.025
2.0,75,34,5,1,0.85,0.125,0.025
2.0,76,27,9,4,0.675,0.225,0.1
2.0,77,40,0,0,1.0,0.0,0.0
2.0,78,40,0,0,1.0,0.0,0.0
2.0,79,40,0,0,1.0,0.0,0.0
2.0,80,18,19,3,0.45,0.475,0.075
2.0,81,25,11,4,0.625,0.275,0.1
2.0,82,10,23,7,0.25,0.575,0.175
2.0,83,13,21,6,0.325,0.525,0.15
2.0,84,26,11,3,0.65,0.275,0.075
2.0,85,21,17,2,0.525,0.425,0.05
2.0,86,29,11,0,0.725,0.275,0.0
2.0,87,22,16,2,0.55,0.4,0.05
2.0,88,40,0,0,1.0,0.0,0.0
2.0,89,14,20,6,0.35,0.5,0.15
2.0,90,40,0,0,1.0,0.0,0.0
2.0,91,22,17,1,0.55,0.425,0.025
2.0,92,40,0,0,1.0,0.0,0.0
2.0,93,40,0,0,1.0,0.0,0.0
2.0,94,20,19,1,0.5,0.475,0.025
2.0,95,24,13,3,0.6,0.325,0.075
2.0,96,6,27,7,0.15,0.675,0.175
2.0,97,22,15,3,0.55,0.375,0.075
2.0,98,8,22,10,0.2,0.55,0.25
2.0,99,13,18,9,0.325,0.45,0.225
2.5,0,40,0,0,1.0,0.0,0.0
2.5,1,14,22,4,0.35,0.55,0.1
2.5,2,21,11,8,0.525,0.275,0.2
2.5,3,40,0,0,1.0,0.0,0.0
2.5,4,7,25,8,0.175,0.625,0.2
2.5,5,13,20,7,0.325,0.5,0.175
2.5,6,16,19,5,0.4,0.475,0.125
2.5,7,24,9,7,0.6,0.225,0.175
2.5,8,40,0,0,1.0,0.0,0.0
2.5,9,22,12,6,0.55,0.3,0.15
2.5,10,15,17,8,0.375,0.425,0.2
2.5,11,28,8,4,0.7,0.2,0.1
2.5,12,40,0,0,1.0,0.0,0.0
2.5,13,13,21,6,0.325,0.525,0.15
2.5,14,40,0,0,1.0,0.0,0.0
2.5,15,16,14,10,0.4,0.35,0.25
2.5,16,40,0,0,1.0,0.0,0.0
2.5,17,40,0,0,1.0,0.0,0.0
2.5,18,26,12,2,0.65,0.3,0.05
2.5,19,30,8,2,0.75,0.2,0.05
2.5,20,17,19,4,0.425,0.475,0.1
2.5,21,40,0,0,1.0,0.0,0.0
2.5,22,29,7,4,0.725,0.175,0.1
2.5,23,12,23,5,0.3,0.575,0.125
2.5,24,40,0,0,1.0,0.0,0.0
2.5,25,40,0,0,1.0,0.0,0.0
2.5,26,11,22,7,0.275,0.55,0.175
2.5,27,40,0,0,1.0,0.0,0.0
2.5,28,22,15,3,0.55,0.375,0.075
2.5,29,27,10,3,0.675,0.25,0.075
2.5,30,40,0,0,1.0,0.0,0.0
2.5,31,40,0,0,1.0,0.0,0.0
2.5,32,22,14,4,0.55,0.35,0.1
2.5,33,40,0,0,1.0,0.0,0.0
2.5,34,13,21,6,0.325,0.525,0.15
2.5,35,23,12,5,0.575,0.3,0.125
2.5,36,20,16,4,0.5,0.4,0.1
2.5,37,9,24,7,0.225,0.6,0.175
2.5,38,24,11,5,0.6,0.275,0.125
2.5,39,30,8,2,0.75,0.2,0.05
2.5,40,40,0,0,1.0,0.0,0.0
2.5,41,14,18,8,0.35,0.45,0.2
2.5,42,40,0,0,1.0,0.0,0.0
2.5,43,40,0,0,1.0,0.0,0.0
2.5,44,40,0,0,1.0,0.0,0.0
2.5,45,25,11,4,0.625,0.275,0.1
2.5,46,16,18,6,0.4,0.45,0.15
2.5,47,12,22,6,0.3,0.55,0.15
2.5,48,16,23,1,0.4,0.575,0.025
2.5,49,40,0,0,1.0,0.0,0.0
2.5,50,13,16,11,0.325,0.4,0.275
2.5,51,13,21,6,0.325,0.525,0.15
2.5,52,40,0,0,1.0,0.0,0.0
2.5,53,40,0,0,1.0,0.0,0.0
2.5,54,40,0,0,1.0,0.0,0.0
2.5,55,40,0,0,1.0,0.0,0.0
2.5,56,40,0,0,1.0,0.0,0.0
2.5,57,40,0,0,1.0,0.0,0.0
2.5,58,22,10,8,0.55,0.25,0.2
2.5,59,40,0,0,1.0,0.0,0.0
2.5,60,8,25,7,0.2,0.625,0.175
2.5,61,14,16,10,0.35,0.4,0.25
2.5,62,17,19,4,0.425,0.475,0.1
2.5,63,10,22,8,0.25,0.55,0.2
2.5,64,21,12,7,0.525,0.3,0.175
2.5,65,13,21,6,0.325,0.525,0.15
2.5,66,40,0,0,1.0,0.0,0.0
2.5,67,40,0,0,1.0,0.0,0.0
2.5,68,15,20,5,0.375,0.5,0.125
2.5,69,15,12,13,0.375,0.3,0.325
2.5,70,25,11,4,0.625,0.275,0.1
2.5,71,40,0,0,1.0,0.0,0.0
2.5,72,26,10,4,0.65,0.25,0.1
2.5,73,22,15,3,0.55,0.375,0.075
2.5,74,20,16,4,0.5,0.4,0.1
2.5,75,16,16,8,0.4,0.4,0.2
2.5,76,24,12,4,0.6,0.3,0.1
2.5,77,19,17,4,0.475,0.425,0.1
2.5,78,21,15,4,0.525,0.375,0.1
2.5,79,40,0,0,1.0,0.0,0.0
2.5,80,22,13,5,0.55,0.325,0.125
2.5,81,31,8,1,0.775,0.2,0.025
2.5,82,40,0,0,1.0,0.0,0.0
2.5,83,40,0,0,1.0,0.0,0.0
2.5,84,23,12,5,0.575,0.3,0.125
2.5,85,9,22,9,0.225,0.55,0.225
2.5,86,25,11,4,0.625,0.275,0.1
2.5,87,40,0,0,1.0,0.0,0.0
2.5,88,40,0,0,1.0,0.0,0.0
2.5,89,22,13,5,0.55,0.325,0.125
2.5,90,20,13,7,0.5,0.325,0.175
2.5,91,18,18,4,0.45,0.45,0.1
2.5,92,40,0,0,1.0,0.0,0.0
2.5,93,26,13,1,0.65,0.325,0.025
2.5,94,9,26,5,0.225,0.65,0.125
2.5,95,40,0,0,1.0,0.0,0.0
2.5,96,14,21,5,0.35,0.525,0.125
2.5,97,14,22,4,0.35,0.55,0.1
2.5,98,40,0,0,1.0,0.0,0.0
2.5,99,13,21,6,0.325,0.525,0.15
3.0,0,40,0,0,1.0,0.0,0.0
3.0,1,40,0,0,1.0,0.0,0.0
3.0,2,40,0,0,1.0,0.0,0.0
3.0,3,40,0,0,1.0,0.0,0.0
3.0,4,40,0,0,1.0,0.0,0.0
3.0,5,40,0,0,1.0,0.0,0.0
3.0,6,40,0,0,1.0,0.0,0.0
3.0,7,40,0,0,1.0,0.0,0.0
3.0,8,20,16,4,0.5,0.4,0.1
3.0,9,17,21,2,0.425,0.525,0.05
3.0,10,6,23,11,0.15,0.575,0.275
3.0,11,19,13,8,0.475,0.325,0.2
3.0,12,40,0,0,1.0,0.0,0.0
3.0,13,15,20,5,0.375,0.5,0.125
3.0,14,25,10,5,0.625,0.25,0.125
3.0,15,17,18,5,0.425,0.45,0.125
3.0,16,34,6,0,0.85,0.15,0.0
3.0,17,20,15,5,0.5,0.375,0.125
3.0,18,16,17,7,0.4,0.425,0.175
3.0,19,23,13,4,0.575,0.325,0.1
3.0,20,40,0,0,1.0,0.0,0.0
3.0,21,20,18,2,0.5,0.45,0.05
3.0,22,22,12,6,0.55,0.3,0.15
3.0,23,20,13,7,0.5,0.325,0.175
3.0,24,14,18,8,0.35,0.45,0.2
3.0,25,40,0,0,1.0,0.0,0.0
3.0,26,40,0,0,1.0,0.0,0.0
3.0,27,27,10,3,0.675,0.25,0.075
3.0,28,20,15,5,0.5,0.375,0.125
3.0,29,16,20,4,0.4,0.5,0.1
3.0,30,20,14,6,0.5,0.35,0.15
3.0,31,40,0,0,1.0,0.0,0.0
3.0,32,15,20,5,0.375,0.5,0.125
3.0,33,20,15,5,0.5,0.375,0.125
3.0,34,22,14,4,0.55,0.35,0.1
3.0,35,40,0,0,1.0,0.0,0.0
3.0,36,40,0,0,1.0,0.0,0.0
3.0,37,25,12,3,0.625,0.3,0.075
3.0,38,40,0,0,1.0,0.0,0.0
3.0,39,40,0,0,1.0,0.0,0.0
3.0,40,40,0,0,1.0,0.0,0.0
3.0,41,40,0,0,1.0,0.0,0.0
3.0,42,21,17,2,0.525,0.425,0.05
3.0,43,14,20,6,0.35,0.5,0.15
3.0,44,40,0,0,1.0,0.0,0.0
3.0,45,12,20,8,0.3,0.5,0.2
3.0,46,14,22,4,0.35,0.55,0.1
3.0,47,12,22,6,0.3,0.55,0.15
3.0,48,18,19,3,0.45,0.475,0.075
3.0,49,22,14,4,0.55,0.35,0.1
3.0,50,28,7,5,0.7,0.175,0.125
3.0,51,40,0,0,1.0,0.0,0.0
3.0,52,40,0,0,1.0,0.0,0.0
3.0,53,40,0,0,1.0,0.0,0.0
3.0,54,16,21,3,0.4,0.525,0.075
3.0,55,21,14,5,0.525,0.35,0.125
3.0,56,40,0,0,1.0,0.0,0.0
3.0,57,40,0,0,1.0,0.0,0.0
3.0,58,21,15,4,0.525,0.375,0.1
3.0,59,19,14,7,0.475,0.35,0.175
3.0,60,40,0,0,1.0,0.0,0.0
3.0,61,40,0,0,1.0,0.0,0.0
3.0,62,26,12,2,0.65,0.3,0.05
3.0,63,17,21,2,0.425,0.525,0.05
3.0,64,11,23,6,0.275,0.575,0.15
3.0,65,25,12,3,0.625,0.3,0.075
3.0,66,21,15,4,0.525,0.375,0.1
3.0,67,25,13,2,0.625,0.325,0.05
3.0,68,31,6,3,0.775,0.15,0.075
3.0,69,8,26,6,0.2,0.65,0.15
3.0,70,17,16,7,0.425,0.4,0.175
3.0,71,27,10,3,0.675,0.25,0.075
3.0,72,40,0,0,1.0,0.0,0.0
3.0,73,20,14,6,0.5,0.35,0.15
3.0,74,40,0,0,1.0,0.0,0.0
3.0,75,11,20,9,0.275,0.5,0.225
3.0,76,26,13,1,0.65,0.325,0.025
3.0,77,16,18,6,0.4,0.45,0.15
3.0,78,24,15,1,0.6,0.375,0.025
3.0,79,40,0,0,1.0,0.0,0.0
3.0,80,22,10,8,0.55,0.25,0.2
3.0,81,9,25,6,0.225,0.625,0.15
3.0,82,21,17,2,0.525,0.425,0.05
3.0,83,40,0,0,1.0,0.0,0.0
3.0,84,16,17,7,0.4,0.425,0.175
3.0,85,13,24,3,0.325,0.6,0.075
3.0,86,21,15,4,0.525,0.375,0.1
3.0,87,40,0,0,1.0,0.0,0.0
3.0,88,16,20,4,0.4,0.5,0.1
3.0,89,40,0,0,1.0,0.0,0.0
3.0,90,15,17,8,0.375,0.425,0.2
3.0,91,40,0,0,1.0,0.0,0.0
3.0,92,40,0,0,1.0,0.0,0.0
3.0,93,40,0,0,1.0,0.0,0.0
3.0,94,40,0,0,1.0,0.0,0.0
3.0,95,9,23,8,0.225,0.575,0.2
3.0,96,21,15,4,0.525,0.375,0.1
3.0,97,40,0,0,1.0,0.0,0.0
3.0,98,5,26,9,0.125,0.65,0.225
3.0,99,40,0,0,1.0,0.0,0.0
3.5,0,40,0,0,1.0,0.0,0.0
3.5,1,40,0,0,1.0,0.0,0.0
3.5,2,40,0,0,1.0,0.0,0.0
3.5,3,17,15,8,0.425,0.375,0.2
3.5,4,40,0,0,1.0,0.0,0.0
3.5,5,19,17,4,0.475,0.425,0.1
3.5,6,40,0,0,1.0,0.0,0.0
3.5,7,15,17,8,0.375,0.425,0.2
3.5,8,30,8,2,0.75,0.2,0.05
3.5,9,40,0,0,1.0,0.0,0.0
3.5,10,11,21,8,0.275,0.525,0.2
3.5,11,40,0,0,1.0,0.0,0.0
3.5,12,40,0,0,1.0,0.0,0.0
3.5,13,40,0,0,1.0,0.0,0.0
3.5,14,20,9,11,0.5,0.225,0.275
3.5,15,40,0,0,1.0,0.0,0.0
3.5,16,40,0,0,1.0,0.0,0.0
3.5,17,16,17,7,0.4,0.425,0.175
3.5,18,15,22,3,0.375,0.55,0.075
3.5,19,18,13,9,0.45,0.325,0.225
3.5,20,14,22,4,0.35,0.55,0.1
3.5,21,11,22,7,0.275,0.55,0.175
3.5,22,22,10,8,0.55,0.25,0.2
3.5,23,11,21,8,0.275,0.525,0.2
3.5,24,15,21,4,0.375,0.525,0.1
3.5,25,40,0,0,1.0,0.0,0.0
3.5,26,16,17,7,0.4,0.425,0.175
3.5,27,9,23,8,0.225,0.575,0.2
3.5,28,40,0,0,1.0,0.0,0.0
3.5,29,29,8,3,0.725,0.2,0.075
3.5,30,40,0,0,1.0,0.0,0.0
3.5,31,40,0,0,1.0,0.0,0.0
3.5,32,18,10,12,0.45,0.25,0.3
3.5,33,40,0,0,1.0,0.0,0.0
3.5,34,28,8,4,0.7,0.2,0.1
3.5,35,40,0,0,1.0,0.0,0.0
3.5,36,17,19,4,0.425,0.475,0.1
3.5,37,19,17,4,0.475,0.425,0.1
3.5,38,40,0,0,1.0,0.0,0.0
3.5,39,28,8,4,0.7,0.2,0.1
3.5,40,9,21,10,0.225,0.525,0.25
3.5,41,40,0,0,1.0,0.0,0.0
3.5,42,40,0,0,1.0,0.0,0.0
3.5,43,30,6,4,0.75,0.15,0.1
3.5,44,40,0,0,1.0,0.0,0.0
3.5,45,26,8,6,0.65,0.2,0.15
3.5,46,40,0,0,1.0,0.0,0.0
3.5,47,40,0,0,1.0,0.0,0.0
3.5,48,40,0,0,1.0,0.0,0.0
3.5,49,19,14,7,0.475,0.35,0.175
3.5,50,28,6,6,0.7,0.15,0.15
3.5,51,40,0,0,1.0,0.0,0.0
3.5,52,21,14,5,0.525,0.35,0.125
3.5,53,21,14,5,0.525,0.35,0.125
3.5,54,17,14,9,0.425,0.35,0.225
3.5,55,10,16,14,0.25,0.4,0.35
3.5,56,18,17,5,0.45,0.425,0.125
3.5,57,40,0,0,1.0,0.0,0.0
3.5,58,23,10,7,0.575,0.25,0.175
3.5,59,24,10,6,0.6,0.25,0.15
3.5,60,19,16,5,0.475,0.4,0.125
3.5,61,40,0,0,1.0,0.0,0.0
3.5,62,19,15,6,0.475,0.375,0.15
3.5,63,22,17,1,0.55,0.425,0.025
3.5,64,26,9,5,0.65,0.225,0.125
3.5,65,21,16,3,0.525,0.4,0.075
3.5,66,5,23,12,0.125,0.575,0.3
3.5,67,17,17,6,0.425,0.425,0.15
3.5,68,29,10,1,0.725,0.25,0.025
3.5,69,23,10,7,0.575,0.25,0.175
3.5,70,12,17,11,0.3,0.425,0.275
3.5,71,21,13,6,0.525,0.325,0.15
3.5,72,40,0,0,1.0,0.0,0.0
3.5,73,40,0,0,1.0,0.0,0.0
3.5,74,19,13,8,0.475,0.325,0.2
3.5,75,27,8,5,0.675,0.2,0.125
3.5,76,40,0,0,1.0,0.0,0.0
3.5,77,40,0,0,1.0,0.0,0.0
3.5,78,40,0,0,1.0,0.0,0.0
3.5,79,16,17,7,0.4,0.425,0.175
3.5,80,15,19,6,0.375,0.475,0.15
3.5,81,40,0,0,1.0,0.0,0.0
3.5,82,17,17,6,0.425,0.425,0.15
3.5,83,24,13,3,0.6,0.325,0.075
3.5,84,40,0,0,1.0,0.0,0.0
3.5,85,11,22,7,0.275,0.55,0.175
3.5,86,14,19,7,0.35,0.475,0.175
3.5,87,40,0,0,1.0,0.0,0.0
3.5,88,40,0,0,1.0,0.0,0.0
3.5,89,40,0,0,1.0,0.0,0.0
3.5,90,11,22,7,0.275,0.55,0.175
3.5,91,9,18,13,0.225,0.45,0.325
3.5,92,40,0,0,1.0,0.0,0.0
3.5,93,14,13,13,0.35,0.325,0.325
3.5,94,21,13,6,0.525,0.325,0.15
3.5,95,40,0,0,1.0,0.0,0.0
3.5,96,21,10,9,0.525,0.25,0.225
3.5,97,22,6,12,0.55,0.15,0.3
3.5,98,30,9,1,0.75,0.225,0.025
3.5,99,40,0,0,1.0,0.0,0.0
4.0,0,40,0,0,1.0,0.0,0.0
4.0,1,27,6,7,0.675,0.15,0.175
4.0,2,40,0,0,1.0,0.0,0.0
4.0,3,23,14,3,0.575,0.35,0.075
4.0,4,40,0,0,1.0,0.0,0.0
4.0,5,40,0,0,1.0,0.0,0.0
4.0,6,40,0,0,1.0,0.0,0.0
4.0,7,25,10,5,0.625,0.25,0.125
4.0,8,18,17,5,0.45,0.425,0.125
4.0,9,19,15,6,0.475,0.375,0.15
4.0,10,36,3,1,0.9,0.075,0.025
4.0,11,40,0,0,1.0,0.0,0.0
4.0,12,14,12,14,0.35,0.3,0.35
4.0,13,40,0,0,1.0,0.0,0.0
4.0,14,8,31,1,0.2,0.775,0.025
4.0,15,40,0,0,1.0,0.0,0.0
4.0,16,29,6,5,0.725,0.15,0.125
4.0,17,40,0,0,1.0,0.0,0.0
4.0,18,40,0,0,1.0,0.0,0.0
4.0,19,12,20,8,0.3,0.5,0.2
4.0,20,20,12,8,0.5,0.3,0.2
4.0,21,19,17,4,0.475,0.425,0.1
4.0,22,40,0,0,1.0,0.0,0.0
4.0,23,14,16,10,0.35,0.4,0.25
4.0,24,22,9,9,0.55,0.225,0.225
4.0,25,40,0,0,1.0,0.0,0.0
4.0,26,40,0,0,1.0,0.0,0.0
4.0,27,18,19,3,0.45,0.475,0.075
4.0,28,24,11,5,0.6,0.275,0.125
4.0,29,16,16,8,0.4,0.4,0.2
4.0,30,40,0,0,1.0,0.0,0.0
4.0,31,40,0,0,1.0,0.0,0.0
4.0,32,40,0,0,1.0,0.0,0.0
4.0,33,40,0,0,1.0,0.0,0.0
4.0,34,40,0,0,1.0,0.0,0.0
4.0,35,22,13,5,0.55,0.325,0.125
4.0,36,40,0,0,1.0,0.0,0.0
4.0,37,22,13,5,0.55,0.325,0.125
4.0,38,40,0,0,1.0,0.0,0.0
4.0,39,19,14,7,0.475,0.35,0.175
4.0,40,22,12,6,0.55,0.3,0.15
4.0,41,24,12,4,0.6,0.3,0.1
4.0,42,9,23,8,0.225,0.575,0.2
4.0,43,40,0,0,1.0,0.0,0.0
4.0,44,16,12,12,0.4,0.3,0.3
4.0,45,11,21,8,0.275,0.525,0.2
4.0,46,40,0,0,1.0,0.0,0.0
4.0,47,28,7,5,0.7,0.175,0.125
4.0,48,40,0,0,1.0,0.0,0.0
4.0,49,33,4,3,0.825,0.1,0.075
4.0,50,40,0,0,1.0,0.0,0.0
4.0,51,40,0,0,1.0,0.0,0.0
4.0,52,20,13,7,0.5,0.325,0.175
4.0,53,40,0,0,1.0,0.0,0.0
4.0,54,20,13,7,0.5,0.325,0.175
4.0,55,17,14,9,0.425,0.35,0.225
4.0,56,40,0,0,1.0,0.0,0.0
4.0,57,18,17,5,0.45,0.425,0.125
4.0,58,14,20,6,0.35,0.5,0.15
4.0,59,40,0,0,1.0,0.0,0.0
4.0,60,40,0,0,1.0,0.0,0.0
4.0,61,40,0,0,1.0,0.0,0.0
4.0,62,40,0,0,1.0,0.0,0.0
4.0,63,40,0,0,1.0,0.0,0.0
4.0,64,20,15,5,0.5,0.375,0.125
4.0,65,17,15,8,0.425,0.375,0.2
4.0,66,40,0,0,1.0,0.0,0.0
4.0,67,40,0,0,1.0,0.0,0.0
4.0,68,40,0,0,1.0,0.0,0.0
4.0,69,40,0,0,1.0,0.0,0.0
4.0,70,18,18,4,0.45,0.45,0.1
4.0,71,40,0,0,1.0,0.0,0.0
4.0,72,29,9,2,0.725,0.225,0.05
4.0,73,10,16,14,0.25,0.4,0.35
4.0,74,40,0,0,1.0,0.0,0.0
4.0,75,17,14,9,0.425,0.35,0.225
4.0,76,21,10,9,0.525,0.25,0.225
4.0,77,17,16,7,0.425,0.4,0.175
4.0,78,16,12,12,0.4,0.3,0.3
4.0,79,28,5,7,0.7,0.125,0.175
4.0,80,18,19,3,0.45,0.475,0.075
4.0,81,40,0,0,1.0,0.0,0.0
4.0,82,40,0,0,1.0,0.0,0.0
4.0,83,29,7,4,0.725,0.175,0.1
4.0,84,22,10,8,0.55,0.25,0.2
4.0,85,40,0,0,1.0,0.0,0.0
4.0,86,6,20,14,0.15,0.5,0.35
4.0,87,16,16,8,0.4,0.4,0.2
4.0,88,40,0,0,1.0,0.0,0.0
4.0,89,28,7,5,0.7,0.175,0.125
4.0,90,40,0,0,1.0,0.0,0.0
4.0,91,40,0,0,1.0,0.0,0.0
4.0,92,40,0,0,1.0,0.0,0.0
4.0,93,11,22,7,0.275,0.55,0.175
4.0,94,40,0,0,1.0,0.0,0.0
4.0,95,21,14,5,0.525,0.35,0.125
4.0,96,40,0,0,1.0,0.0,0.0
4.0,97,40,0,0,1.0,0.0,0.0
4.0,98,40,0,0,1.0,0.0,0.0
4.0,99,31,7,2,0.775,0.175,0.05
4.5,0,40,0,0,1.0,0.0,0.0
4.5,1,23,8,9,0.575,0.2,0.225
4.5,2,40,0,0,1.0,0.0,0.0
4.5,3,19,11,10,0.475,0.275,0.25
4.5,4,21,12,7,0.525,0.3,0.175
4.5,5,22,10,8,0.55,0.25,0.2
4.5,6,40,0,0,1.0,0.0,0.0
4.5,7,40,0,0,1.0,0.0,0.0
4.5,8,40,0,0,1.0,0.0,0.0
4.5,9,8,20,12,0.2,0.5,0.3
4.5,10,40,0,0,1.0,0.0,0.0
4.5,11,40,0,0,1.0,0.0,0.0
4.5,12,32,6,2,0.8,0.15,0.05
4.5,13,40,0,0,1.0,0.0,0.0
4.5,14,40,0,0,1.0,0.0,0.0
4.5,15,40,0,0,1.0,0.0,0.0
4.5,16,26,10,4,0.65,0.25,0.1
4.5,17,40,0,0,1.0,0.0,0.0
4.5,18,40,0,0,1.0,0.0,0.0
4.5,19,22,10,8,0.55,0.25,0.2
4.5,20,24,15,1,0.6,0.375,0.025
4.5,21,23,7,10,0.575,0.175,0.25
4.5,22,40,0,0,1.0,0.0,0.0
4.5,23,40,0,0,1.0,0.0,0.0
4.5,24,17,14,9,0.425,0.35,0.225
4.5,25,23,9,8,0.575,0.225,0.2
4.5,26,40,0,0,1.0,0.0,0.0
4.5,27,19,14,7,0.475,0.35,0.175
4.5,28,40,0,0,1.0,0.0,0.0
4.5,29,40,0,0,1.0,0.0,0.0
4.5,30,27,8,5,0.675,0.2,0.125
4.5,31,32,4,4,0.8,0.1,0.1
4.5,32,40,0,0,1.0,0.0,0.0
4.5,33,40,0,0,1.0,0.0,0.0
4.5,34,25,8,7,0.625,0.2,0.175
4.5,35,40,0,0,1.0,0.0,0.0
4.5,36,40,0,0,1.0,0.0,0.0
4.5,37,25,10,5,0.625,0.25,0.125
4.5,38,30,7,3,0.75,0.175,0.075
4.5,39,15,9,16,0.375,0.225,0.4
4.5,40,40,0,0,1.0,0.0,0.0
4.5,41,12,20,8,0.3,0.5,0.2
4.5,42,40,0,0,1.0,0.0,0.0
4.5,43,40,0,0,1.0,0.0,0.0
4.5,44,18,13,9,0.45,0.325,0.225
4.5,45,40,0,0,1.0,0.0,0.0
4.5,46,9,19,12,0.225,0.475,0.3
4.5,47,40,0,0,1.0,0.0,0.0
4.5,48,40,0,0,1.0,0.0,0.0
4.5,49,40,0,0,1.0,0.0,0.0
4.5,50,40,0,0,1.0,0.0,0.0
4.5,51,27,7,6,0.675,0.175,0.15
4.5,52,29,9,2,0.725,0.225,0.05
4.5,53,40,0,0,1.0,0.0,0.0
4.5,54,17,18,5,0.425,0.45,0.125
4.5,55,40,0,0,1.0,0.0,0.0
4.5,56,28,9,3,0.7,0.225,0.075
4.5,57,40,0,0,1.0,0.0,0.0
4.5,58,24,14,2,0.6,0.35,0.05
4.5,59,21,15,4,0.525,0.375,0.1
4.5,60,29,2,9,0.725,0.05,0.225
4.5,61,16,15,9,0.4,0.375,0.225
4.5,62,40,0,0,1.0,0.0,0.0
4.5,63,40,0,0,1.0,0.0,0.0
4.5,64,40,0,0,1.0,0.0,0.0
4.5,65,13,19,8,0.325,0.475,0.2
4.5,66,40,0,0,1.0,0.0,0.0
4.5,67,21,12,7,0.525,0.3,0.175
4.5,68,40,0,0,1.0,0.0,0.0
4.5,69,40,0,0,1.0,0.0,0.0
4.5,70,26,9,5,0.65,0.225,0.125
4.5,71,27,8,5,0.675,0.2,0.125
4.5,72,26,10,4,0.65,0.25,0.1
4.5,73,40,0,0,1.0,0.0,0.0
4.5,74,16,12,12,0.4,0.3,0.3
4.5,75,40,0,0,1.0,0.0,0.0
4.5,76,26,6,8,0.65,0.15,0.2
4.5,77,29,7,4,0.725,0.175,0.1
4.5,78,40,0,0,1.0,0.0,0.0
4.5,79,40,0,0,1.0,0.0,0.0
4.5,80,40,0,0,1.0,0.0,0.0
4.5,81,28,6,6,0.7,0.15,0.15
4.5,82,40,0,0,1.0,0.0,0.0
4.5,83,19,18,3,0.475,0.45,0.075
4.5,84,13,23,4,0.325,0.575,0.1
4.5,85,12,21,7,0.3,0.525,0.175
4.5,86,11,12,17,0.275,0.3,0.425
4.5,87,19,11,10,0.475,0.275,0.25
4.5,88,40,0,0,1.0,0.0,0.0
4.5,89,40,0,0,1.0,0.0,0.0
4.5,90,40,0,0,1.0,0.0,0.0
4.5,91,40,0,0,1.0,0.0,0.0
4.5,92,13,13,14,0.325,0.325,0.35
4.5,93,40,0,0,1.0,0.0,0.0
4.5,94,32,8,0,0.8,0.2,0.0
4.5,95,40,0,0,1.0,0.0,0.0
4.5,96,19,10,11,0.475,0.25,0.275
4.5,97,40,0,0,1.0,0.0,0.0
4.5,98,40,0,0,1.0,0.0,0.0
4.5,99,20,16,4,0.5,0.4,0.1
5.0,0,40,0,0,1.0,0.0,0.0
5.0,1,40,0,0,1.0,0.0,0.0
5.0,2,24,9,7,0.6,0.225,0.175
5.0,3,23,13,4,0.575,0.325,0.1
5.0,4,40,0,0,1.0,0.0,0.0
5.0,5,40,0,0,1.0,0.0,0.0
5.0,6,17,17,6,0.425,0.425,0.15
5.0,7,9,15,16,0.225,0.375,0.4
5.0,8,17,13,10,0.425,0.325,0.25
5.0,9,40,0,0,1.0,0.0,0.0
5.0,10,40,0,0,1.0,0.0,0.0
5.0,11,25,13,2,0.625,0.325,0.05
5.0,12,23,9,8,0.575,0.225,0.2
5.0,13,16,13,11,0.4,0.325,0.275
5.0,14,19,14,7,0.475,0.35,0.175
5.0,15,11,26,3,0.275,0.65,0.075
5.0,16,16,18,6,0.4,0.45,0.15
5.0,17,40,0,0,1.0,0.0,0.0
5.0,18,40,0,0,1.0,0.0,0.0
5.0,19,40,0,0,1.0,0.0,0.0
5.0,20,17,20,3,0.425,0.5,0.075
5.0,21,20,15,5,0.5,0.375,0.125
5.0,22,13,20,7,0.325,0.5,0.175
5.0,23,40,0,0,1.0,0.0,0.0
5.0,24,40,0,0,1.0,0.0,0.0
5.0,25,40,0,0,1.0,0.0,0.0
5.0,26,40,0,0,1.0,0.0,0.0
5.0,27,40,0,0,1.0,0.0,0.0
5.0,28,40,0,0,1.0,0.0,0.0
5.0,29,40,0,0,1.0,0.0,0.0
5.0,30,18,11,11,0.45,0.275,0.275
5.0,31,40,0,0,1.0,0.0,0.0
5.0,32,6,20,14,0.15,0.5,0.35
5.0,33,40,0,0,1.0,0.0,0.0
5.0,34,27,7,6,0.675,0.175,0.15
5.0,35,40,0,0,1.0,0.0,0.0
5.0,36,24,8,8,0.6,0.2,0.2
5.0,37,40,0,0,1.0,0.0,0.0
5.0,38,19,14,7,0.475,0.35,0.175
5.0,39,21,10,9,0.525,0.25,0.225
5.0,40,19,14,7,0.475,0.35,0.175
5.0,41,40,0,0,1.0,0.0,0.0
5.0,42,19,13,8,0.475,0.325,0.2
5.0,43,40,0,0,1.0,0.0,0.0
5.0,44,40,0,0,1.0,0.0,0.0
5.0,45,40,0,0,1.0,0.0,0.0
5.0,46,40,0,0,1.0,0.0,0.0
5.0,47,40,0,0,1.0,0.0,0.0
5.0,48,40,0,0,1.0,0.0,0.0
5.0,49,40,0,0,1.0,0.0,0.0
5.0,50,32,6,2,0.8,0.15,0.05
5.0,51,40,0,0,1.0,0.0,0.0
5.0,52,40,0,0,1.0,0.0,0.0
5.0,53,18,11,11,0.45,0.275,0.275
5.0,54,40,0,0,1.0,0.0,0.0
5.0,55,40,0,0,1.0,0.0,0.0
5.0,56,40,0,0,1.0,0.0,0.0
5.0,57,28,8,4,0.7,0.2,0.1
5.0,58,32,1,7,0.8,0.025,0.175
5.0,59,24,7,9,0.6,0.175,0.225
5.0,60,25,12,3,0.625,0.3,0.075
5.0,61,40,0,0,1.0,0.0,0.0
5.0,62,20,14,6,0.5,0.35,0.15
5.0,63,40,0,0,1.0,0.0,0.0
5.0,64,11,19,10,0.275,0.475,0.25
5.0,65,40,0,0,1.0,0.0,0.0
5.0,66,8,26,6,0.2,0.65,0.15
5.0,67,40,0,0,1.0,0.0,0.0
5.0,68,23,10,7,0.575,0.25,0.175
5.0,69,20,16,4,0.5,0.4,0.1
5.0,70,18,12,10,0.45,0.3,0.25
5.0,71,40,0,0,1.0,0.0,0.0
5.0,72,40,0,0,1.0,0.0,0.0
5.0,73,20,14,6,0.5,0.35,0.15
5.0,74,25,5,10,0.625,0.125,0.25
5.0,75,28,8,4,0.7,0.2,0.1
5.0,76,19,14,7,0.475,0.35,0.175
5.0,77,40,0,0,1.0,0.0,0.0
5.0,78,40,0,0,1.0,0.0,0.0
5.0,79,40,0,0,1.0,0.0,0.0
5.0,80,19,13,8,0.475,0.325,0.2
5.0,81,16,21,3,0.4,0.525,0.075
5.0,82,40,0,0,1.0,0.0,0.0
5.0,83,40,0,0,1.0,0.0,0.0
5.0,84,20,13,7,0.5,0.325,0.175
5.0,85,40,0,0,1.0,0.0,0.0
5.0,86,22,11,7,0.55,0.275,0.175
5.0,87,40,0,0,1.0,0.0,0.0
5.0,88,26,10,4,0.65,0.25,0.1
5.0,89,40,0,0,1.0,0.0,0.0
5.0,90,40,0,0,1.0,0.0,0.0
5.0,91,40,0,0,1.0,0.0,0.0
5.0,92,40,0,0,1.0,0.0,0.0
5.0,93,24,10,6,0.6,0.25,0.15
5.0,94,14,19,7,0.35,0.475,0.175
5.0,95,40,0,0,1.0,0.0,0.0
5.0,96,40,0,0,1.0,0.0,0.0
5.0,97,40,0,0,1.0,0.0,0.0
5.0,98,25,11,4,0.625,0.275,0.1
5.0,99,40,0,0,1.0,0.0,0.0
5.5,0,40,0,0,1.0,0.0,0.0
5.5,1,16,20,4,0.4,0.5,0.1
5.5,2,40,0,0,1.0,0.0,0.0
5.5,3,40,0,0,1.0,0.0,0.0
5.5,4,40,0,0,1.0,0.0,0.0
5.5,5,40,0,0,1.0,0.0,0.0
5.5,6,34,1,5,0.85,0.025,0.125
5.5,7,40,0,0,1.0,0.0,0.0
5.5,8,11,8,21,0.275,0.2,0.525
5.5,9,40,0,0,1.0,0.0,0.0
5.5,10,40,0,0,1.0,0.0,0.0
5.5,11,40,0,0,1.0,0.0,0.0
5.5,12,19,12,9,0.475,0.3,0.225
5.5,13,27,9,4,0.675,0.225,0.1
5.5,14,40,0,0,1.0,0.0,0.0
5.5,15,40,0,0,1.0,0.0,0.0
5.5,16,40,0,0,1.0,0.0,0.0
5.5,17,40,0,0,1.0,0.0,0.0
5.5,18,40,0,0,1.0,0.0,0.0
5.5,19,40,0,0,1.0,0.0,0.0
5.5,20,40,0,0,1.0,0.0,0.0
5.5,21,40,0,0,1.0,0.0,0.0
5.5,22,40,0,0,1.0,0.0,0.0
5.5,23,40,0,0,1.0,0.0,0.0
5.5,24,40,0,0,1.0,0.0,0.0
5.5,25,40,0,0,1.0,0.0,0.0
5.5,26,40,0,0,1.0,0.0,0.0
5.5,27,40,0,0,1.0,0.0,0.0
5.5,28,40,0,0,1.0,0.0,0.0
5.5,29,40,0,0,1.0,0.0,0.0
5.5,30,40,0,0,1.0,0.0,0.0
5.5,31,40,0,0,1.0,0.0,0.0
5.5,32,40,0,0,1.0,0.0,0.0
5.5,33,22,17,1,0.55,0.425,0.025
5.5,34,40,0,0,1.0,0.0,0.0
5.5,35,26,9,5,0.65,0.225,0.125
5.5,36,19,11,10,0.475,0.275,0.25
5.5,37,18,14,8,0.45,0.35,0.2
5.5,38,28,7,5,0.7,0.175,0.125
5.5,39,40,0,0,1.0,0.0,0.0
5.5,40,14,21,5,0.35,0.525,0.125
5.5,41,40,0,0,1.0,0.0,0.0
5.5,42,40,0,0,1.0,0.0,0.0
5.5,43,40,0,0,1.0,0.0,0.0
5.5,44,28,11,1,0.7,0.275,0.025
5.5,45,40,0,0,1.0,0.0,0.0
5.5,46,40,0,0,1.0,0.0,0.0
5.5,47,40,0,0,1.0,0.0,0.0
5.5,48,40,0,0,1.0,0.0,0.0
5.5,49,30,6,4,0.75,0.15,0.1
5.5,50,40,0,0,1.0,0.0,0.0
5.5,51,24,10,6,0.6,0.25,0.15
5.5,52,40,0,0,1.0,0.0,0.0
5.5,53,28,5,7,0.7,0.125,0.175
5.5,54,40,0,0,1.0,0.0,0.0
5.5,55,18,16,6,0.45,0.4,0.15
5.5,56,14,17,9,0.35,0.425,0.225
5.5,57,40,0,0,1.0,0.0,0.0
5.5,58,40,0,0,1.0,0.0,0.0
5.5,59,40,0,0,1.0,0.0,0.0
5.5,60,40,0,0,1.0,0.0,0.0
5.5,61,40,0,0,1.0,0.0,0.0
5.5,62,20,8,12,0.5,0.2,0.3
5.5,63,31,7,2,0.775,0.175,0.05
5.5,64,40,0,0,1.0,0.0,0.0
5.5,65,40,0,0,1.0,0.0,0.0
5.5,66,40,0,0,1.0,0.0,0.0
5.5,67,40,0,0,1.0,0.0,0.0
5.5,68,16,16,8,0.4,0.4,0.2
5.5,69,40,0,0,1.0,0.0,0.0
5.5,70,19,12,9,0.475,0.3,0.225
5.5,71,40,0,0,1.0,0.0,0.0
5.5,72,40,0,0,1.0,0.0,0.0
5.5,73,11,19,10,0.275,0.475,0.25
5.5,74,30,9,1,0.75,0.225,0.025
5.5,75,40,0,0,1.0,0.0,0.0
5.5,76,40,0,0,1.0,0.0,0.0
5.5,77,40,0,0,1.0,0.0,0.0
5.5,78,40,0,0,1.0,0.0,0.0
5.5,79,13,21,6,0.325,0.525,0.15
5.5,80,40,0,0,1.0,0.0,0.0
5.5,81,22,8,10,0.55,0.2,0.25
5.5,82,40,0,0,1.0,0.0,0.0
5.5,83,11,12,17,0.275,0.3,0.425
5.5,84,18,15,7,0.45,0.375,0.175
5.5,85,40,0,0,1.0,0.0,0.0
5.5,86,40,0,0,1.0,0.0,0.0
5.5,87,40,0,0,1.0,0.0,0.0
5.5,88,16,16,8,0.4,0.4,0.2
5.5,89,21,9,10,0.525,0.225,0.25
5.5,90,40,0,0,1.0,0.0,0.0
5.5,91,40,0,0,1.0,0.0,0.0
5.5,92,26,12,2,0.65,0.3,0.05
5.5,93,40,0,0,1.0,0.0,0.0
5.5,94,40,0,0,1.0,0.0,0.0
5.5,95,40,0,0,1.0,0.0,0.0
5.5,96,40,0,0,1.0,0.0,0.0
5.5,97,40,0,0,1.0,0.0,0.0
5.5,98,40,0,0,1.0,0.0,0.0
5.5,99,40,0,0,1.0,0.0,0.0
6.0,0,40,0,0,1.0,0.0,0.0
6.0,1,22,11,7,0.55,0.275,0.175
6.0,2,26,8,6,0.65,0.2,0.15
6.0,3,40,0,0,1.0,0.0,0.0
6.0,4,40,0,0,1.0,0.0,0.0
6.0,5,21,9,10,0.525,0.225,0.25
6.0,6,40,0,0,1.0,0.0,0.0
6.0,7,40,0,0,1.0,0.0,0.0
6.0,8,26,11,3,0.65,0.275,0.075
6.0,9,40,0,0,1.0,0.0,0.0
6.0,10,21,13,6,0.525,0.325,0.15
6.0,11,40,0,0,1.0,0.0,0.0
6.0,12,40,0,0,1.0,0.0,0.0
6.0,13,40,0,0,1.0,0.0,0.0
6.0,14,20,13,7,0.5,0.325,0.175
6.0,15,40,0,0,1.0,0.0,0.0
6.0,16,40,0,0,1.0,0.0,0.0
6.0,17,40,0,0,1.0,0.0,0.0
6.0,18,40,0,0,1.0,0.0,0.0
6.0,19,40,0,0,1.0,0.0,0.0
6.0,20,40,0,0,1.0,0.0,0.0
6.0,21,9,19,12,0.225,0.475,0.3
6.0,22,40,0,0,1.0,0.0,0.0
6.0,23,40,0,0,1.0,0.0,0.0
6.0,24,40,0,0,1.0,0.0,0.0
6.0,25,40,0,0,1.0,0.0,0.0
6.0,26,40,0,0,1.0,0.0,0.0
6.0,27,40,0,0,1.0,0.0,0.0
6.0,28,12,22,6,0.3,0.55,0.15
6.0,29,24,14,2,0.6,0.35,0.05
6.0,30,40,0,0,1.0,0.0,0.0
6.0,31,40,0,0,1.0,0.0,0.0
6.0,32,40,0,0,1.0,0.0,0.0
6.0,33,40,0,0,1.0,0.0,0.0
6.0,34,40,0,0,1.0,0.0,0.0
6.0,35,40,0,0,1.0,0.0,0.0
6.0,36,18,11,11,0.45,0.275,0.275
6.0,37,20,15,5,0.5,0.375,0.125
6.0,38,40,0,0,1.0,0.0,0.0
6.0,39,40,0,0,1.0,0.0,0.0
6.0,40,40,0,0,1.0,0.0,0.0
6.0,41,17,17,6,0.425,0.425,0.15
6.0,42,40,0,0,1.0,0.0,0.0
6.0,43,40,0,0,1.0,0.0,0.0
6.0,44,40,0,0,1.0,0.0,0.0
6.0,45,25,8,7,0.625,0.2,0.175
6.0,46,40,0,0,1.0,0.0,0.0
6.0,47,40,0,0,1.0,0.0,0.0
6.0,48,40,0,0,1.0,0.0,0.0
6.0,49,40,0,0,1.0,0.0,0.0
6.0,50,40,0,0,1.0,0.0,0.0
6.0,51,40,0,0,1.0,0.0,0.0
6.0,52,40,0,0,1.0,0.0,0.0
6.0,53,40,0,0,1.0,0.0,0.0
6.0,54,24,10,6,0.6,0.25,0.15
6.0,55,25,11,4,0.625,0.275,0.1
6.0,56,40,0,0,1.0,0.0,0.0
6.0,57,40,0,0,1.0,0.0,0.0
6.0,58,22,13,5,0.55,0.325,0.125
6.0,59,40,0,0,1.0,0.0,0.0
6.0,60,40,0,0,1.0,0.0,0.0
6.0,61,40,0,0,1.0,0.0,0.0
6.0,62,40,0,0,1.0,0.0,0.0
6.0,63,40,0,0,1.0,0.0,0.0
6.0,64,12,11,17,0.3,0.275,0.425
6.0,65,40,0,0,1.0,0.0,0.0
6.0,66,20,16,4,0.5,0.4,0.1
6.0,67,30,6,4,0.75,0.15,0.1
6.0,68,40,0,0,1.0,0.0,0.0
6.0,69,40,0,0,1.0,0.0,0.0
6.0,70,40,0,0,1.0,0.0,0.0
6.0,71,40,0,0,1.0,0.0,0.0
6.0,72,40,0,0,1.0,0.0,0.0
6.0,73,32,0,8,0.8,0.0,0.2
6.0,74,40,0,0,1.0,0.0,0.0
6.0,75,40,0,0,1.0,0.0,0.0
6.0,76,40,0,0,1.0,0.0,0.0
6.0,77,10,16,14,0.25,0.4,0.35
6.0,78,40,0,0,1.0,0.0,0.0
6.0,79,15,22,3,0.375,0.55,0.075
6.0,80,22,7,11,0.55,0.175,0.275
6.0,81,40,0,0,1.0,0.0,0.0
6.0,82,40,0,0,1.0,0.0,0.0
6.0,83,40,0,0,1.0,0.0,0.0
6.0,84,40,0,0,1.0,0.0,0.0
6.0,85,40,0,0,1.0,0.0,0.0
6.0,86,40,0,0,1.0,0.0,0.0
6.0,87,26,11,3,0.65,0.275,0.075
6.0,88,40,0,0,1.0,0.0,0.0
6.0,89,40,0,0,1.0,0.0,0.0
6.0,90,40,0,0,1.0,0.0,0.0
6.0,91,40,0,0,1.0,0.0,0.0
6.0,92,40,0,0,1.0,0.0,0.0
6.0,93,8,18,14,0.2,0.45,0.35
6.0,94,40,0,0,1.0,0.0,0.0
6.0,95,15,12,13,0.375,0.3,0.325
6.0,96,19,12,9,0.475,0.3,0.225
6.0,97,40,0,0,1.0,0.0,0.0
6.0,98,40,0,0,1.0,0.0,0.0
6.0,99,40,0,0,1.0,0.0,0.0
6.5,0,40,0,0,1.0,0.0,0.0
6.5,1,40,0,0,1.0,0.0,0.0
6.5,2,6,14,20,0.15,0.35,0.5
6.5,3,40,0,0,1.0,0.0,0.0
6.5,4,40,0,0,1.0,0.0,0.0
6.5,5,40,0,0,1.0,0.0,0.0
6.5,6,40,0,0,1.0,0.0,0.0
6.5,7,40,0,0,1.0,0.0,0.0
6.5,8,40,0,0,1.0,0.0,0.0
6.5,9,40,0,0,1.0,0.0,0.0
6.5,10,40,0,0,1.0,0.0,0.0
6.5,11,40,0,0,1.0,0.0,0.0
6.5,12,40,0,0,1.0,0.0,0.0
6.5,13,40,0,0,1.0,0.0,0.0
6.5,14,40,0,0,1.0,0.0,0.0
6.5,15,23,3,14,0.575,0.075,0.35
6.5,16,40,0,0,1.0,0.0,0.0
6.5,17,40,0,0,1.0,0.0,0.0
6.5,18,15,15,10,0.375,0.375,0.25
6.5,19,40,0,0,1.0,0.0,0.0
6.5,20,27,5,8,0.675,0.125,0.2
6.5,21,40,0,0,1.0,0.0,0.0
6.5,22,40,0,0,1.0,0.0,0.0
6.5,23,40,0,0,1.0,0.0,0.0
6.5,24,40,0,0,1.0,0.0,0.0
6.5,25,40,0,0,1.0,0.0,0.0
6.5,26,40,0,0,1.0,0.0,0.0
6.5,27,40,0,0,1.0,0.0,0.0
6.5,28,40,0,0,1.0,0.0,0.0
6.5,29,40,0,0,1.0,0.0,0.0
6.5,30,40,0,0,1.0,0.0,0.0
6.5,31,40,0,0,1.0,0.0,0.0
6.5,32,40,0,0,1.0,0.0,0.0
6.5,33,14,18,8,0.35,0.45,0.2
6.5,34,40,0,0,1.0,0.0,0.0
6.5,35,40,0,0,1.0,0.0,0.0
6.5,36,40,0,0,1.0,0.0,0.0
6.5,37,40,0,0,1.0,0.0,0.0
6.5,38,40,0,0,1.0,0.0,0.0
6.5,39,40,0,0,1.0,0.0,0.0
6.5,40,28,3,9,0.7,0.075,0.225
6.5,41,40,0,0,1.0,0.0,0.0
6.5,42,40,0,0,1.0,0.0,0.0
6.5,43,40,0,0,1.0,0.0,0.0
6.5,44,40,0,0,1.0,0.0,0.0
6.5,45,40,0,0,1.0,0.0,0.0
6.5,46,40,0,0,1.0,0.0,0.0
6.5,47,40,0,0,1.0,0.0,0.0
6.5,48,40,0,0,1.0,0.0,0.0
6.5,49,40,0,0,1.0,0.0,0.0
6.5,50,40,0,0,1.0,0.0,0.0
6.5,51,21,8,11,0.525,0.2,0.275
6.5,52,40,0,0,1.0,0.0,0.0
6.5,53,40,0,0,1.0,0.0,0.0
6.5,54,40,0,0,1.0,0.0,0.0
6.5,55,40,0,0,1.0,0.0,0.0
6.5,56,40,0,0,1.0,0.0,0.0
6.5,57,40,0,0,1.0,0.0,0.0
6.5,58,19,9,12,0.475,0.225,0.3
6.5,59,40,0,0,1.0,0.0,0.0
6.5,60,40,0,0,1.0,0.0,0.0
6.5,61,40,0,0,1.0,0.0,0.0
6.5,62,40,0,0,1.0,0.0,0.0
6.5,63,40,0,0,1.0,0.0,0.0
6.5,64,40,0,0,1.0,0.0,0.0
6.5,65,40,0,0,1.0,0.0,0.0
6.5,66,40,0,0,1.0,0.0,0.0
6.5,67,40,0,0,1.0,0.0,0.0
6.5,68,40,0,0,1.0,0.0,0.0
6.5,69,13,6,21,0.325,0.15,0.525
6.5,70,40,0,0,1.0,0.0,0.0
6.5,71,23,15,2,0.575,0.375,0.05
6.5,72,40,0,0,1.0,0.0,0.0
6.5,73,40,0,0,1.0,0.0,0.0
6.5,74,40,0,0,1.0,0.0,0.0
6.5,75,40,0,0,1.0,0.0,0.0
6.5,76,40,0,0,1.0,0.0,0.0
6.5,77,40,0,0,1.0,0.0,0.0
6.5,78,40,0,0,1.0,0.0,0.0
6.5,79,40,0,0,1.0,0.0,0.0
6.5,80,16,10,14,0.4,0.25,0.35
6.5,81,40,0,0,1.0,0.0,0.0
6.5,82,40,0,0,1.0,0.0,0.0
6.5,83,40,0,0,1.0,0.0,0.0
6.5,84,40,0,0,1.0,0.0,0.0
6.5,85,40,0,0,1.0,0.0,0.0
6.5,86,40,0,0,1.0,0.0,0.0
6.5,87,40,0,0,1.0,0.0,0.0
6.5,88,16,12,12,0.4,0.3,0.3
6.5,89,40,0,0,1.0,0.0,0.0
6.5,90,14,9,17,0.35,0.225,0.425
6.5,91,40,0,0,1.0,0.0,0.0
6.5,92,40,0,0,1.0,0.0,0.0
6.5,93,40,0,0,1.0,0.0,0.0
6.5,94,40,0,0,1.0,0.0,0.0
6.5,95,40,0,0,1.0,0.0,0.0
6.5,96,40,0,0,1.0,0.0,0.0
6.5,97,40,0,0,1.0,0.0,0.0
6.5,98,40,0,0,1.0,0.0,0.0
6.5,99,40,0,0,1.0,0.0,0.0
7.0,0,40,0,0,1.0,0.0,0.0
7.0,1,40,0,0,1.0,0.0,0.0
7.0,2,40,0,0,1.0,0.0,0.0
7.0,3,40,0,0,1.0,0.0,0.0
7.0,4,40,0,0,1.0,0.0,0.0
7.0,5,40,0,0,1.0,0.0,0.0
7.0,6,40,0,0,1.0,0.0,0.0
7.0,7,40,0,0,1.0,0.0,0.0
7.0,8,40,0,0,1.0,0.0,0.0
7.0,9,40,0,0,1.0,0.0,0.0
7.0,10,40,0,0,1.0,0.0,0.0
7.0,11,40,0,0,1.0,0.0,0.0
7.0,12,40,0,0,1.0,0.0,0.0
7.0,13,40,0,0,1.0,0.0,0.0
7.0,14,40,0,0,1.0,0.0,0.0
7.0,15,40,0,0,1.0,0.0,0.0
7.0,16,40,0,0,1.0,0.0,0.0
7.0,17,40,0,0,1.0,0.0,0.0
7.0,18,40,0,0,1.0,0.0,0.0
7.0,19,40,0,0,1.0,0.0,0.0
7.0,20,17,16,7,0.425,0.4,0.175
7.0,21,40,0,0,1.0,0.0,0.0
7.0,22,40,0,0,1.0,0.0,0.0
7.0,23,40,0,0,1.0,0.0,0.0
7.0,24,21,10,9,0.525,0.25,0.225
7.0,25,26,9,5,0.65,0.225,0.125
7.0,26,40,0,0,1.0,0.0,0.0
7.0,27,40,0,0,1.0,0.0,0.0
7.0,28,40,0,0,1.0,0.0,0.0
7.0,29,40,0,0,1.0,0.0,0.0
7.0,30,5,24,11,0.125,0.6,0.275
7.0,31,40,0,0,1.0,0.0,0.0
7.0,32,40,0,0,1.0,0.0,0.0
7.0,33,40,0,0,1.0,0.0,0.0
7.0,34,40,0,0,1.0,0.0,0.0
7.0,35,40,0,0,1.0,0.0,0.0
7.0,36,40,0,0,1.0,0.0,0.0
7.0,37,40,0,0,1.0,0.0,0.0
7.0,38,20,10,10,0.5,0.25,0.25
7.0,39,40,0,0,1.0,0.0,0.0
7.0,40,31,3,6,0.775,0.075,0.15
7.0,41,40,0,0,1.0,0.0,0.0
7.0,42,40,0,0,1.0,0.0,0.0
7.0,43,40,0,0,1.0,0.0,0.0
7.0,44,40,0,0,1.0,0.0,0.0
7.0,45,40,0,0,1.0,0.0,0.0
7.0,46,40,0,0,1.0,0.0,0.0
7.0,47,25,13,2,0.625,0.325,0.05
7.0,48,40,0,0,1.0,0.0,0.0
7.0,49,40,0,0,1.0,0.0,0.0
7.0,50,40,0,0,1.0,0.0,0.0
7.0,51,30,4,6,0.75,0.1,0.15
7.0,52,27,11,2,0.675,0.275,0.05
7.0,53,40,0,0,1.0,0.0,0.0
7.0,54,40,0,0,1.0,0.0,0.0
7.0,55,40,0,0,1.0,0.0,0.0
7.0,56,20,11,9,0.5,0.275,0.225
7.0,57,17,15,8,0.425,0.375,0.2
7.0,58,40,0,0,1.0,0.0,0.0
7.0,59,40,0,0,1.0,0.0,0.0
7.0,60,40,0,0,1.0,0.0,0.0
7.0,61,40,0,0,1.0,0.0,0.0
7.0,62,40,0,0,1.0,0.0,0.0
7.0,63,40,0,0,1.0,0.0,0.0
7.0,64,40,0,0,1.0,0.0,0.0
7.0,65,40,0,0,1.0,0.0,0.0
7.0,66,40,0,0,1.0,0.0,0.0
7.0,67,40,0,0,1.0,0.0,0.0
7.0,68,40,0,0,1.0,0.0,0.0
7.0,69,40,0,0,1.0,0.0,0.0
7.0,70,40,0,0,1.0,0.0,0.0
7.0,71,21,13,6,0.525,0.325,0.15
7.0,72,12,22,6,0.3,0.55,0.15
7.0,73,40,0,0,1.0,0.0,0.0
7.0,74,40,0,0,1.0,0.0,0.0
7.0,75,40,0,0,1.0,0.0,0.0
7.0,76,40,0,0,1.0,0.0,0.0
7.0,77,40,0,0,1.0,0.0,0.0
7.0,78,40,0,0,1.0,0.0,0.0
7.0,79,40,0,0,1.0,0.0,0.0
7.0,80,40,0,0,1.0,0.0,0.0
7.0,81,40,0,0,1.0,0.0,0.0
7.0,82,40,0,0,1.0,0.0,0.0
7.0,83,40,0,0,1.0,0.0,0.0
7.0,84,40,0,0,1.0,0.0,0.0
7.0,85,40,0,0,1.0,0.0,0.0
7.0,86,40,0,0,1.0,0.0,0.0
7.0,87,30,4,6,0.75,0.1,0.15
7.0,88,40,0,0,1.0,0.0,0.0
7.0,89,26,7,7,0.65,0.175,0.175
7.0,90,40,0,0,1.0,0.0,0.0
7.0,91,19,5,16,0.475,0.125,0.4
7.0,92,40,0,0,1.0,0.0,0.0
7.0,93,40,0,0,1.0,0.0,0.0
7.0,94,40,0,0,1.0,0.0,0.0
7.0,95,8,16,16,0.2,0.4,0.4
7.0,96,17,9,14,0.425,0.225,0.35
7.0,97,40,0,0,1.0,0.0,0.0
7.0,98,40,0,0,1.0,0.0,0.0
7.0,99,40,0,0,1.0,0.0,0.0
7.5,0,40,0,0,1.0,0.0,0.0
7.5,1,40,0,0,1.0,0.0,0.0
7.5,2,19,8,13,0.475,0.2,0.325
7.5,3,40,0,0,1.0,0.0,0.0
7.5,4,40,0,0,1.0,0.0,0.0
7.5,5,40,0,0,1.0,0.0,0.0
7.5,6,40,0,0,1.0,0.0,0.0
7.5,7,40,0,0,1.0,0.0,0.0
7.5,8,16,10,14,0.4,0.25,0.35
7.5,9,40,0,0,1.0,0.0,0.0
7.5,10,40,0,0,1.0,0.0,0.0
7.5,11,40,0,0,1.0,0.0,0.0
7.5,12,40,0,0,1.0,0.0,0.0
7.5,13,40,0,0,1.0,0.0,0.0
7.5,14,40,0,0,1.0,0.0,0.0
7.5,15,13,17,10,0.325,0.425,0.25
7.5,16,40,0,0,1.0,0.0,0.0
7.5,17,40,0,0,1.0,0.0,0.0
7.5,18,40,0,0,1.0,0.0,0.0
7.5,19,40,0,0,1.0,0.0,0.0
7.5,20,28,5,7,0.7,0.125,0.175
7.5,21,40,0,0,1.0,0.0,0.0
7.5,22,13,19,8,0.325,0.475,0.2
7.5,23,40,0,0,1.0,0.0,0.0
7.5,24,40,0,0,1.0,0.0,0.0
7.5,25,40,0,0,1.0,0.0,0.0
7.5,26,40,0,0,1.0,0.0,0.0
7.5,27,40,0,0,1.0,0.0,0.0
7.5,28,40,0,0,1.0,0.0,0.0
7.5,29,40,0,0,1.0,0.0,0.0
7.5,30,40,0,0,1.0,0.0,0.0
7.5,31,40,0,0,1.0,0.0,0.0
7.5,32,21,7,12,0.525,0.175,0.3
7.5,33,40,0,0,1.0,0.0,0.0
7.5,34,1,14,25,0.025,0.35,0.625
7.5,35,40,0,0,1.0,0.0,0.0
7.5,36,40,0,0,1.0,0.0,0.0
7.5,37,40,0,0,1.0,0.0,0.0
7.5,38,40,0,0,1.0,0.0,0.0
7.5,39,40,0,0,1.0,0.0,0.0
7.5,40,40,0,0,1.0,0.0,0.0
7.5,41,40,0,0,1.0,0.0,0.0
7.5,42,40,0,0,1.0,0.0,0.0
7.5,43,40,0,0,1.0,0.0,0.0
7.5,44,40,0,0,1.0,0.0,0.0
7.5,45,40,0,0,1.0,0.0,0.0
7.5,46,40,0,0,1.0,0.0,0.0
7.5,47,40,0,0,1.0,0.0,0.0
7.5,48,40,0,0,1.0,0.0,0.0
7.5,49,40,0,0,1.0,0.0,0.0
7.5,50,40,0,0,1.0,0.0,0.0
7.5,51,40,0,0,1.0,0.0,0.0
7.5,52,40,0,0,1.0,0.0,0.0
7.5,53,40,0,0,1.0,0.0,0.0
7.5,54,40,0,0,1.0,0.0,0.0
7.5,55,40,0,0,1.0,0.0,0.0
7.5,56,17,10,13,0.425,0.25,0.325
7.5,57,40,0,0,1.0,0.0,0.0
7.5,58,40,0,0,1.0,0.0,0.0
7.5,59,40,0,0,1.0,0.0,0.0
7.5,60,40,0,0,1.0,0.0,0.0
7.5,61,40,0,0,1.0,0.0,0.0
7.5,62,40,0,0,1.0,0.0,0.0
7.5,63,40,0,0,1.0,0.0,0.0
7.5,64,40,0,0,1.0,0.0,0.0
7.5,65,40,0,0,1.0,0.0,0.0
7.5,66,40,0,0,1.0,0.0,0.0
7.5,67,40,0,0,1.0,0.0,0.0
7.5,68,40,0,0,1.0,0.0,0.0
7.5,69,40,0,0,1.0,0.0,0.0
7.5,70,40,0,0,1.0,0.0,0.0
7.5,71,40,0,0,1.0,0.0,0.0
7.5,72,30,2,8,0.75,0.05,0.2
7.5,73,40,0,0,1.0,0.0,0.0
7.5,74,40,0,0,1.0,0.0,0.0
7.5,75,40,0,0,1.0,0.0,0.0
7.5,76,21,9,10,0.525,0.225,0.25
7.5,77,40,0,0,1.0,0.0,0.0
7.5,78,40,0,0,1.0,0.0,0.0
7.5,79,40,0,0,1.0,0.0,0.0
7.5,80,40,0,0,1.0,0.0,0.0
7.5,81,40,0,0,1.0,0.0,0.0
7.5,82,40,0,0,1.0,0.0,0.0
7.5,83,40,0,0,1.0,0.0,0.0
7.5,84,26,8,6,0.65,0.2,0.15
7.5,85,40,0,0,1.0,0.0,0.0
7.5,86,40,0,0,1.0,0.0,0.0
7.5,87,40,0,0,1.0,0.0,0.0
7.5,88,40,0,0,1.0,0.0,0.0
7.5,89,40,0,0,1.0,0.0,0.0
7.5,90,15,14,11,0.375,0.35,0.275
7.5,91,33,2,5,0.825,0.05,0.125
7.5,92,40,0,0,1.0,0.0,0.0
7.5,93,40,0,0,1.0,0.0,0.0
7.5,94,40,0,0,1.0,0.0,0.0
7.5,95,40,0,0,1.0,0.0,0.0
7.5,96,40,0,0,1.0,0.0,0.0
7.5,97,32,0,8,0.8,0.0,0.2
7.5,98,40,0,0,1.0,0.0,0.0
7.5,99,40,0,0,1.0,0.0,0.0
8.0,0,12,19,9,0.3,0.475,0.225
8.0,1,40,0,0,1.0,0.0,0.0
8.0,2,40,0,0,1.0,0.0,0.0
8.0,3,40,0,0,1.0,0.0,0.0
8.0,4,40,0,0,1.0,0.0,0.0
8.0,5,40,0,0,1.0,0.0,0.0
8.0,6,40,0,0,1.0,0.0,0.0
8.0,7,40,0,0,1.0,0.0,0.0
8.0,8,15,16,9,0.375,0.4,0.225
8.0,9,13,12,15,0.325,0.3,0.375
8.0,10,40,0,0,1.0,0.0,0.0
8.0,11,40,0,0,1.0,0.0,0.0
8.0,12,40,0,0,1.0,0.0,0.0
8.0,13,40,0,0,1.0,0.0,0.0
8.0,14,40,0,0,1.0,0.0,0.0
8.0,15,40,0,0,1.0,0.0,0.0
8.0,16,40,0,0,1.0,0.0,0.0
8.0,17,40,0,0,1.0,0.0,0.0
8.0,18,40,0,0,1.0,0.0,0.0
8.0,19,40,0,0,1.0,0.0,0.0
8.0,20,40,0,0,1.0,0.0,0.0
8.0,21,40,0,0,1.0,0.0,0.0
8.0,22,40,0,0,1.0,0.0,0.0
8.0,23,40,0,0,1.0,0.0,0.0
8.0,24,40,0,0,1.0,0.0,0.0
8.0,25,20,10,10,0.5,0.25,0.25
8.0,26,40,0,0,1.0,0.0,0.0
8.0,27,40,0,0,1.0,0.0,0.0
8.0,28,40,0,0,1.0,0.0,0.0
8.0,29,40,0,0,1.0,0.0,0.0
8.0,30,40,0,0,1.0,0.0,0.0
8.0,31,40,0,0,1.0,0.0,0.0
8.0,32,40,0,0,1.0,0.0,0.0
8.0,33,40,0,0,1.0,0.0,0.0
8.0,34,40,0,0,1.0,0.0,0.0
8.0,35,40,0,0,1.0,0.0,0.0
8.0,36,29,7,4,0.725,0.175,0.1
8.0,37,40,0,0,1.0,0.0,0.0
8.0,38,33,3,4,0.825,0.075,0.1
8.0,39,40,0,0,1.0,0.0,0.0
8.0,40,40,0,0,1.0,0.0,0.0
8.0,41,40,0,0,1.0,0.0,0.0
8.0,42,40,0,0,1.0,0.0,0.0
8.0,43,40,0,0,1.0,0.0,0.0
8.0,44,40,0,0,1.0,0.0,0.0
8.0,45,40,0,0,1.0,0.0,0.0
8.0,46,40,0,0,1.0,0.0,0.0
8.0,47,40,0,0,1.0,0.0,0.0
8.0,48,40,0,0,1.0,0.0,0.0
8.0,49,40,0,0,1.0,0.0,0.0
8.0,50,40,0,0,1.0,0.0,0.0
8.0,51,40,0,0,1.0,0.0,0.0
8.0,52,40,0,0,1.0,0.0,0.0
8.0,53,40,0,0,1.0,0.0,0.0
8.0,54,40,0,0,1.0,0.0,0.0
8.0,55,40,0,0,1.0,0.0,0.0
8.0,56,25,7,8,0.625,0.175,0.2
8.0,57,39,0,1,0.975,0.0,0.025
8.0,58,40,0,0,1.0,0.0,0.0
8.0,59,40,0,0,1.0,0.0,0.0
8.0,60,40,0,0,1.0,0.0,0.0
8.0,61,40,0,0,1.0,0.0,0.0
8.0,62,40,0,0,1.0,0.0,0.0
8.0,63,40,0,0,1.0,0.0,0.0
8.0,64,40,0,0,1.0,0.0,0.0
8.0,65,40,0,0,1.0,0.0,0.0
8.0,66,40,0,0,1.0,0.0,0.0
8.0,67,40,0,0,1.0,0.0,0.0
8.0,68,40,0,0,1.0,0.0,0.0
8.0,69,40,0,0,1.0,0.0,0.0
8.0,70,40,0,0,1.0,0.0,0.0
8.0,71,40,0,0,1.0,0.0,0.0
8.0,72,40,0,0,1.0,0.0,0.0
8.0,73,20,14,6,0.5,0.35,0.15
8.0,74,40,0,0,1.0,0.0,0.0
8.0,75,40,0,0,1.0,0.0,0.0
8.0,76,40,0,0,1.0,0.0,0.0
8.0,77,40,0,0,1.0,0.0,0.0
8.0,78,31,4,5,0.775,0.1,0.125
8.0,79,40,0,0,1.0,0.0,0.0
8.0,80,26,5,9,0.65,0.125,0.225
8.0,81,40,0,0,1.0,0.0,0.0
8.0,82,40,0,0,1.0,0.0,0.0
8.0,83,40,0,0,1.0,0.0,0.0
8.0,84,40,0,0,1.0,0.0,0.0
8.0,85,40,0,0,1.0,0.0,0.0
8.0,86,40,0,0,1.0,0.0,0.0
8.0,87,40,0,0,1.0,0.0,0.0
8.0,88,40,0,0,1.0,0.0,0.0
8.0,89,40,0,0,1.0,0.0,0.0
8.0,90,40,0,0,1.0,0.0,0.0
8.0,91,40,0,0,1.0,0.0,0.0
8.0,92,40,0,0,1.0,0.0,0.0
8.0,93,40,0,0,1.0,0.0,0.0
8.0,94,40,0,0,1.0,0.0,0.0
8.0,95,40,0,0,1.0,0.0,0.0
8.0,96,40,0,0,1.0,0.0,0.0
8.0,97,40,0,0,1.0,0.0,0.0
8.0,98,31,5,4,0.775,0.125,0.1
8.0,99,40,0,0,1.0,0.0,0.0
8.5,0,40,0,0,1.0,0.0,0.0
8.5,1,40,0,0,1.0,0.0,0.0
8.5,2,40,0,0,1.0,0.0,0.0
8.5,3,40,0,0,1.0,0.0,0.0
8.5,4,40,0,0,1.0,0.0,0.0
8.5,5,40,0,0,1.0,0.0,0.0
8.5,6,40,0,0,1.0,0.0,0.0
8.5,7,40,0,0,1.0,0.0,0.0
8.5,8,11,3,26,0.275,0.075,0.65
8.5,9,40,0,0,1.0,0.0,0.0
8.5,10,40,0,0,1.0,0.0,0.0
8.5,11,40,0,0,1.0,0.0,0.0
8.5,12,40,0,0,1.0,0.0,0.0
8.5,13,40,0,0,1.0,0.0,0.0
8.5,14,40,0,0,1.0,0.0,0.0
8.5,15,40,0,0,1.0,0.0,0.0
8.5,16,40,0,0,1.0,0.0,0.0
8.5,17,40,0,0,1.0,0.0,0.0
8.5,18,40,0,0,1.0,0.0,0.0
8.5,19,40,0,0,1.0,0.0,0.0
8.5,20,40,0,0,1.0,0.0,0.0
8.5,21,27,0,13,0.675,0.0,0.325
8.5,22,40,0,0,1.0,0.0,0.0
8.5,23,40,0,0,1.0,0.0,0.0
8.5,24,40,0,0,1.0,0.0,0.0
8.5,25,40,0,0,1.0,0.0,0.0
8.5,26,40,0,0,1.0,0.0,0.0
8.5,27,40,0,0,1.0,0.0,0.0
8.5,28,40,0,0,1.0,0.0,0.0
8.5,29,40,0,0,1.0,0.0,0.0
8.5,30,40,0,0,1.0,0.0,0.0
8.5,31,40,0,0,1.0,0.0,0.0
8.5,32,40,0,0,1.0,0.0,0.0
8.5,33,40,0,0,1.0,0.0,0.0
8.5,34,40,0,0,1.0,0.0,0.0
8.5,35,40,0,0,1.0,0.0,0.0
8.5,36,40,0,0,1.0,0.0,0.0
8.5,37,40,0,0,1.0,0.0,0.0
8.5,38,38,0,2,0.95,0.0,0.05
8.5,39,40,0,0,1.0,0.0,0.0
8.5,40,40,0,0,1.0,0.0,0.0
8.5,41,40,0,0,1.0,0.0,0.0
8.5,42,40,0,0,1.0,0.0,0.0
8.5,43,40,0,0,1.0,0.0,0.0
8.5,44,40,0,0,1.0,0.0,0.0
8.5,45,40,0,0,1.0,0.0,0.0
8.5,46,40,0,0,1.0,0.0,0.0
8.5,47,40,0,0,1.0,0.0,0.0
8.5,48,40,0,0,1.0,0.0,0.0
8.5,49,40,0,0,1.0,0.0,0.0
8.5,50,40,0,0,1.0,0.0,0.0
8.5,51,40,0,0,1.0,0.0,0.0
8.5,52,40,0,0,1.0,0.0,0.0
8.5,53,40,0,0,1.0,0.0,0.0
8.5,54,40,0,0,1.0,0.0,0.0
8.5,55,40,0,0,1.0,0.0,0.0
8.5,56,17,6,17,0.425,0.15,0.425
8.5,57,40,0,0,1.0,0.0,0.0
8.5,58,40,0,0,1.0,0.0,0.0
8.5,59,40,0,0,1.0,0.0,0.0
8.5,60,40,0,0,1.0,0.0,0.0
8.5,61,40,0,0,1.0,0.0,0.0
8.5,62,40,0,0,1.0,0.0,0.0
8.5,63,40,0,0,1.0,0.0,0.0
8.5,64,14,14,12,0.35,0.35,0.3
8.5,65,40,0,0,1.0,0.0,0.0
8.5,66,40,0,0,1.0,0.0,0.0
8.5,67,40,0,0,1.0,0.0,0.0
8.5,68,40,0,0,1.0,0.0,0.0
8.5,69,40,0,0,1.0,0.0,0.0
8.5,70,40,0,0,1.0,0.0,0.0
8.5,71,40,0,0,1.0,0.0,0.0
8.5,72,40,0,0,1.0,0.0,0.0
8.5,73,40,0,0,1.0,0.0,0.0
8.5,74,40,0,0,1.0,0.0,0.0
8.5,75,40,0,0,1.0,0.0,0.0
8.5,76,40,0,0,1.0,0.0,0.0
8.5,77,40,0,0,1.0,0.0,0.0
8.5,78,40,0,0,1.0,0.0,0.0
8.5,79,40,0,0,1.0,0.0,0.0
8.5,80,40,0,0,1.0,0.0,0.0
8.5,81,40,0,0,1.0,0.0,0.0
8.5,82,40,0,0,1.0,0.0,0.0
8.5,83,40,0,0,1.0,0.0,0.0
8.5,84,40,0,0,1.0,0.0,0.0
8.5,85,40,0,0,1.0,0.0,0.0
8.5,86,40,0,0,1.0,0.0,0.0
8.5,87,40,0,0,1.0,0.0,0.0
8.5,88,40,0,0,1.0,0.0,0.0
8.5,89,40,0,0,1.0,0.0,0.0
8.5,90,40,0,0,1.0,0.0,0.0
8.5,91,40,0,0,1.0,0.0,0.0
8.5,92,40,0,0,1.0,0.0,0.0
8.5,93,40,0,0,1.0,0.0,0.0
8.5,94,40,0,0,1.0,0.0,0.0
8.5,95,40,0,0,1.0,0.0,0.0
8.5,96,40,0,0,1.0,0.0,0.0
8.5,97,40,0,0,1.0,0.0,0.0
8.5,98,40,0,0,1.0,0.0,0.0
8.5,99,40,0,0,1.0,0.0,0.0
9.0,0,40,0,0,1.0,0.0,0.0
9.0,1,40,0,0,1.0,0.0,0.0
9.0,2,40,0,0,1.0,0.0,0.0
9.0,3,40,0,0,1.0,0.0,0.0
9.0,4,40,0,0,1.0,0.0,0.0
9.0,5,40,0,0,1.0,0.0,0.0
9.0,6,40,0,0,1.0,0.0,0.0
9.0,7,40,0,0,1.0,0.0,0.0
9.0,8,40,0,0,1.0,0.0,0.0
9.0,9,40,0,0,1.0,0.0,0.0
9.0,10,40,0,0,1.0,0.0,0.0
9.0,11,15,17,8,0.375,0.425,0.2
9.0,12,40,0,0,1.0,0.0,0.0
9.0,13,40,0,0,1.0,0.0,0.0
9.0,14,40,0,0,1.0,0.0,0.0
9.0,15,40,0,0,1.0,0.0,0.0
9.0,16,40,0,0,1.0,0.0,0.0
9.0,17,40,0,0,1.0,0.0,0.0
9.0,18,40,0,0,1.0,0.0,0.0
9.0,19,40,0,0,1.0,0.0,0.0
9.0,20,40,0,0,1.0,0.0,0.0
9.0,21,40,0,0,1.0,0.0,0.0
9.0,22,40,0,0,1.0,0.0,0.0
9.0,23,40,0,0,1.0,0.0,0.0
9.0,24,40,0,0,1.0,0.0,0.0
9.0,25,40,0,0,1.0,0.0,0.0
9.0,26,40,0,0,1.0,0.0,0.0
9.0,27,40,0,0,1.0,0.0,0.0
9.0,28,40,0,0,1.0,0.0,0.0
9.0,29,40,0,0,1.0,0.0,0.0
9.0,30,40,0,0,1.0,0.0,0.0
9.0,31,40,0,0,1.0,0.0,0.0
9.0,32,40,0,0,1.0,0.0,0.0
9.0,33,40,0,0,1.0,0.0,0.0
9.0,34,40,0,0,1.0,0.0,0.0
9.0,35,40,0,0,1.0,0.0,0.0
9.0,36,40,0,0,1.0,0.0,0.0
9.0,37,40,0,0,1.0,0.0,0.0
9.0,38,40,0,0,1.0,0.0,0.0
9.0,39,40,0,0,1.0,0.0,0.0
9.0,40,40,0,0,1.0,0.0,0.0
9.0,41,40,0,0,1.0,0.0,0.0
9.0,42,40,0,0,1.0,0.0,0.0
9.0,43,40,0,0,1.0,0.0,0.0
9.0,44,40,0,0,1.0,0.0,0.0
9.0,45,40,0,0,1.0,0.0,0.0
9.0,46,40,0,0,1.0,0.0,0.0
9.0,47,40,0,0,1.0,0.0,0.0
9.0,48,40,0,0,1.0,0.0,0.0
9.0,49,40,0,0,1.0,0.0,0.0
9.0,50,40,0,0,1.0,0.0,0.0
9.0,51,40,0,0,1.0,0.0,0.0
9.0,52,22,7,11,0.55,0.175,0.275
9.0,53,40,0,0,1.0,0.0,0.0
9.0,54,40,0,0,1.0,0.0,0.0
9.0,55,40,0,0,1.0,0.0,0.0
9.0,56,40,0,0,1.0,0.0,0.0
9.0,57,40,0,0,1.0,0.0,0.0
9.0,58,40,0,0,1.0,0.0,0.0
9.0,59,40,0,0,1.0,0.0,0.0
9.0,60,40,0,0,1.0,0.0,0.0
9.0,61,40,0,0,1.0,0.0,0.0
9.0,62,40,0,0,1.0,0.0,0.0
9.0,63,40,0,0,1.0,0.0,0.0
9.0,64,40,0,0,1.0,0.0,0.0
9.0,65,40,0,0,1.0,0.0,0.0
9.0,66,40,0,0,1.0,0.0,0.0
9.0,67,40,0,0,1.0,0.0,0.0
9.0,68,40,0,0,1.0,0.0,0.0
9.0,69,40,0,0,1.0,0.0,0.0
9.0,70,40,0,0,1.0,0.0,0.0
9.0,71,40,0,0,1.0,0.0,0.0
9.0,72,40,0,0,1.0,0.0,0.0
9.0,73,40,0,0,1.0,0.0,0.0
9.0,74,40,0,0,1.0,0.0,0.0
9.0,75,40,0,0,1.0,0.0,0.0
9.0,76,40,0,0,1.0,0.0,0.0
9.0,77,40,0,0,1.0,0.0,0.0
9.0,78,40,0,0,1.0,0.0,0.0
9.0,79,40,0,0,1.0,0.0,0.0
9.0,80,40,0,0,1.0,0.0,0.0
9.0,81,40,0,0,1.0,0.0,0.0
9.0,82,40,0,0,1.0,0.0,0.0
9.0,83,40,0,0,1.0,0.0,0.0
9.0,84,40,0,0,1.0,0.0,0.0
9.0,85,40,0,0,1.0,0.0,0.0
9.0,86,40,0,0,1.0,0.0,0.0
9.0,87,40,0,0,1.0,0.0,0.0
9.0,88,40,0,0,1.0,0.0,0.0
9.0,89,40,0,0,1.0,0.0,0.0
9.0,90,40,0,0,1.0,0.0,0.0
9.0,91,40,0,0,1.0,0.0,0.0
9.0,92,40,0,0,1.0,0.0,0.0
9.0,93,40,0,0,1.0,0.0,0.0
9.0,94,40,0,0,1.0,0.0,0.0
9.0,95,40,0,0,1.0,0.0,0.0
9.0,96,40,0,0,1.0,0.0,0.0
9.0,97,40,0,0,1.0,0.0,0.0
9.0,98,40,0,0,1.0,0.0,0.0
9.0,99,40,0,0,1.0,0.0,0.0
9.5,0,40,0,0,1.0,0.0,0.0
9.5,1,40,0,0,1.0,0.0,0.0
9.5,2,40,0,0,1.0,0.0,0.0
9.5,3,40,0,0,1.0,0.0,0.0
9.5,4,40,0,0,1.0,0.0,0.0
9.5,5,40,0,0,1.0,0.0,0.0
9.5,6,40,0,0,1.0,0.0,0.0
9.5,7,40,0,0,1.0,0.0,0.0
9.5,8,40,0,0,1.0,0.0,0.0
9.5,9,40,0,0,1.0,0.0,0.0
9.5,10,40,0,0,1.0,0.0,0.0
9.5,11,40,0,0,1.0,0.0,0.0
9.5,12,40,0,0,1.0,0.0,0.0
9.5,13,40,0,0,1.0,0.0,0.0
9.5,14,40,0,0,1.0,0.0,0.0
9.5,15,40,0,0,1.0,0.0,0.0
9.5,16,40,0,0,1.0,0.0,0.0
9.5,17,40,0,0,1.0,0.0,0.0
9.5,18,40,0,0,1.0,0.0,0.0
9.5,19,40,0,0,1.0,0.0,0.0
9.5,20,40,0,0,1.0,0.0,0.0
9.5,21,40,0,0,1.0,0.0,0.0
9.5,22,40,0,0,1.0,0.0,0.0
9.5,23,40,0,0,1.0,0.0,0.0
9.5,24,40,0,0,1.0,0.0,0.0
9.5,25,40,0,0,1.0,0.0,0.0
9.5,26,40,0,0,1.0,0.0,0.0
9.5,27,40,0,0,1.0,0.0,0.0
9.5,28,40,0,0,1.0,0.0,0.0
9.5,29,40,0,0,1.0,0.0,0.0
9.5,30,40,0,0,1.0,0.0,0.0
9.5,31,40,0,0,1.0,0.0,0.0
9.5,32,40,0,0,1.0,0.0,0.0
9.5,33,40,0,0,1.0,0.0,0.0
9.5,34,40,0,0,1.0,0.0,0.0
9.5,35,40,0,0,1.0,0.0,0.0
9.5,36,40,0,0,1.0,0.0,0.0
9.5,37,40,0,0,1.0,0.0,0.0
9.5,38,40,0,0,1.0,0.0,0.0
9.5,39,40,0,0,1.0,0.0,0.0
9.5,40,40,0,0,1.0,0.0,0.0
9.5,41,40,0,0,1.0,0.0,0.0
9.5,42,40,0,0,1.0,0.0,0.0
9.5,43,40,0,0,1.0,0.0,0.0
9.5,44,40,0,0,1.0,0.0,0.0
9.5,45,40,0,0,1.0,0.0,0.0
9.5,46,40,0,0,1.0,0.0,0.0
9.5,47,40,0,0,1.0,0.0,0.0
9.5,48,40,0,0,1.0,0.0,0.0
9.5,49,40,0,0,1.0,0.0,0.0
9.5,50,40,0,0,1.0,0.0,0.0
9.5,51,40,0,0,1.0,0.0,0.0
9.5,52,40,0,0,1.0,0.0,0.0
9.5,53,40,0,0,1.0,0.0,0.0
9.5,54,40,0,0,1.0,0.0,0.0
9.5,55,40,0,0,1.0,0.0,0.0
9.5,56,40,0,0,1.0,0.0,0.0
9.5,57,40,0,0,1.0,0.0,0.0
9.5,58,40,0,0,1.0,0.0,0.0
9.5,59,40,0,0,1.0,0.0,0.0
9.5,60,40,0,0,1.0,0.0,0.0
9.5,61,40,0,0,1.0,0.0,0.0
9.5,62,40,0,0,1.0,0.0,0.0
9.5,63,40,0,0,1.0,0.0,0.0
9.5,64,40,0,0,1.0,0.0,0.0
9.5,65,40,0,0,1.0,0.0,0.0
9.5,66,40,0,0,1.0,0.0,0.0
9.5,67,40,0,0,1.0,0.0,0.0
9.5,68,40,0,0,1.0,0.0,0.0
9.5,69,40,0,0,1.0,0.0,0.0
9.5,70,40,0,0,1.0,0.0,0.0
9.5,71,40,0,0,1.0,0.0,0.0
9.5,72,40,0,0,1.0,0.0,0.0
9.5,73,40,0,0,1.0,0.0,0.0
9.5,74,40,0,0,1.0,0.0,0.0
9.5,75,40,0,0,1.0,0.0,0.0
9.5,76,40,0,0,1.0,0.0,0.0
9.5,77,40,0,0,1.0,0.0,0.0
9.5,78,40,0,0,1.0,0.0,0.0
9.5,79,40,0,0,1.0,0.0,0.0
9.5,80,12,12,16,0.3,0.3,0.4
9.5,81,40,0,0,1.0,0.0,0.0
9.5,82,40,0,0,1.0,0.0,0.0
9.5,83,40,0,0,1.0,0.0,0.0
9.5,84,40,0,0,1.0,0.0,0.0
9.5,85,40,0,0,1.0,0.0,0.0
9.5,86,40,0,0,1.0,0.0,0.0
9.5,87,40,0,0,1.0,0.0,0.0
9.5,88,40,0,0,1.0,0.0,0.0
9.5,89,40,0,0,1.0,0.0,0.0
9.5,90,40,0,0,1.0,0.0,0.0
9.5,91,40,0,0,1.0,0.0,0.0
9.5,92,40,0,0,1.0,0.0,0.0
9.5,93,40,0,0,1.0,0.0,0.0
9.5,94,40,0,0,1.0,0.0,0.0
9.5,95,40,0,0,1.0,0.0,0.0
9.5,96,40,0,0,1.0,0.0,0.0
9.5,97,40,0,0,1.0,0.0,0.0
9.5,98,40,0,0,1.0,0.0,0.0
9.5,99,40,0,0,1.0,0.0,0.0
10.0,0,40,0,0,1.0,0.0,0.0
10.0,1,40,0,0,1.0,0.0,0.0
10.0,2,40,0,0,1.0,0.0,0.0
10.0,3,40,0,0,1.0,0.0,0.0
10.0,4,40,0,0,1.0,0.0,0.0
10.0,5,40,0,0,1.0,0.0,0.0
10.0,6,37,0,3,0.925,0.0,0.075
10.0,7,40,0,0,1.0,0.0,0.0
10.0,8,40,0,0,1.0,0.0,0.0
10.0,9,40,0,0,1.0,0.0,0.0
10.0,10,40,0,0,1.0,0.0,0.0
10.0,11,40,0,0,1.0,0.0,0.0
10.0,12,40,0,0,1.0,0.0,0.0
10.0,13,40,0,0,1.0,0.0,0.0
10.0,14,40,0,0,1.0,0.0,0.0
10.0,15,40,0,0,1.0,0.0,0.0
10.0,16,40,0,0,1.0,0.0,0.0
10.0,17,40,0,0,1.0,0.0,0.0
10.0,18,40,0,0,1.0,0.0,0.0
10.0,19,40,0,0,1.0,0.0,0.0
10.0,20,40,0,0,1.0,0.0,0.0
10.0,21,40,0,0,1.0,0.0,0.0
10.0,22,40,0,0,1.0,0.0,0.0
10.0,23,40,0,0,1.0,0.0,0.0
10.0,24,40,0,0,1.0,0.0,0.0
10.0,25,40,0,0,1.0,0.0,0.0
10.0,26,40,0,0,1.0,0.0,0.0
10.0,27,40,0,0,1.0,0.0,0.0
10.0,28,40,0,0,1.0,0.0,0.0
10.0,29,40,0,0,1.0,0.0,0.0
10.0,30,40,0,0,1.0,0.0,0.0
10.0,31,40,0,0,1.0,0.0,0.0
10.0,32,40,0,0,1.0,0.0,0.0
10.0,33,40,0,0,1.0,0.0,0.0
10.0,34,40,0,0,1.0,0.0,0.0
10.0,35,40,0,0,1.0,0.0,0.0
10.0,36,40,0,0,1.0,0.0,0.0
10.0,37,40,0,0,1.0,0.0,0.0
10.0,38,40,0,0,1.0,0.0,0.0
10.0,39,40,0,0,1.0,0.0,0.0
10.0,40,40,0,0,1.0,0.0,0.0
10.0,41,40,0,0,1.0,0.0,0.0
10.0,42,40,0,0,1.0,0.0,0.0
10.0,43,40,0,0,1.0,0.0,0.0
10.0,44,40,0,0,1.0,0.0,0.0
10.0,45,40,0,0,1.0,0.0,0.0
10.0,46,40,0,0,1.0,0.0,0.0
10.0,47,40,0,0,1.0,0.0,0.0
10.0,48,40,0,0,1.0,0.0,0.0
10.0,49,40,0,0,1.0,0.0,0.0
10.0,50,40,0,0,1.0,0.0,0.0
10.0,51,40,0,0,1.0,0.0,0.0
10.0,52,40,0,0,1.0,0.0,0.0
10.0,53,40,0,0,1.0,0.0,0.0
10.0,54,40,0,0,1.0,0.0,0.0
10.0,55,40,0,0,1.0,0.0,0.0
10.0,56,40,0,0,1.0,0.0,0.0
10.0,57,40,0,0,1.0,0.0,0.0
10.0,58,40,0,0,1.0,0.0,0.0
10.0,59,40,0,0,1.0,0.0,0.0
10.0,60,40,0,0,1.0,0.0,0.0
10.0,61,40,0,0,1.0,0.0,0.0
10.0,62,40,0,0,1.0,0.0,0.0
10.0,63,40,0,0,1.0,0.0,0.0
10.0,64,40,0,0,1.0,0.0,0.0
10.0,65,40,0,0,1.0,0.0,0.0
10.0,66,40,0,0,1.0,0.0,0.0
10.0,67,40,0,0,1.0,0.0,0.0
10.0,68,40,0,0,1.0,0.0,0.0
10.0,69,40,0,0,1.0,0.0,0.0
10.0,70,40,0,0,1.0,0.0,0.0
10.0,71,40,0,0,1.0,0.0,0.0
10.0,72,40,0,0,1.0,0.0,0.0
10.0,73,40,0,0,1.0,0.0,0.0
10.0,74,40,0,0,1.0,0.0,0.0
10.0,75,40,0,0,1.0,0.0,0.0
10.0,76,40,0,0,1.0,0.0,0.0
10.0,77,40,0,0,1.0,0.0,0.0
10.0,78,40,0,0,1.0,0.0,0.0
10.0,79,40,0,0,1.0,0.0,0.0
10.0,80,40,0,0,1.0,0.0,0.0
10.0,81,40,0,0,1.0,0.0,0.0
10.0,82,40,0,0,1.0,0.0,0.0
10.0,83,40,0,0,1.0,0.0,0.0
10.0,84,40,0,0,1.0,0.0,0.0
10.0,85,40,0,0,1.0,0.0,0.0
10.0,86,40,0,0,1.0,0.0,0.0
10.0,87,40,0,0,1.0,0.0,0.0
10.0,88,40,0,0,1.0,0.0,0.0
10.0,89,40,0,0,1.0,0.0,0.0
10.0,90,40,0,0,1.0,0.0,0.0
10.0,91,40,0,0,1.0,0.0,0.0
10.0,92,40,0,0,1.0,0.0,0.0
10.0,93,40,0,0,1.0,0.0,0.0
10.0,94,40,0,0,1.0,0.0,0.0
10.0,95,40,0,0,1.0,0.0,0.0
10.0,96,40,0,0,1.0,0.0,0.0
10.0,97,40,0,0,1.0,0.0,0.0
10.0,98,40,0,0,1.0,0.0,0.0
10.0,99,40,0,0,1.0,0.0,0.0
